272	1.0		
273	1.0		
274	3.0		
275	2.0		
276	2.0		
277	2.0		
278	4.0		
279	4.0		
280	2.0		
281	1.0		
282	3.0		
283	2.0		
284	3.0		
285	3.0		
286	2.0		
287	2.0		
288	1.0		
289	3.0		
290	4.0		
291	1.0		
292	3.0		
293	2.0	0	0
294	1.0	0	0
295	4.0	0	0
296	2.0	0	0
297	4.0	0	31.74496852473872
298	3.0	0	0
299	1.0	0	0
300	2.0	0	0
301	4.0	4.932851287779247	0
302	4.0	0	0
303	4.0	5.412827848175528	7.907930050073489
304	3.0	0	0
305	1.0	0	0
306	3.0	0	5.645069491134434
307	2.0	2.076295106190191	0
308	2.0	1.887435499061656	0
309	4.0	46.069656292010194	1.8721044502232824
310	2.0	0	4.075645682976635
311	1.0	17.742108903623233	8.526931404005513
312	3.0	3.7546918335160875	17.91695047934208
313	3.0	3.6636128357071662	11.568634863527205
314	3.0	3.4876992248955774	7.890155979878672
315	4.0	22.07416261354265	6.997295286170011
316	2.0	1.6930521422308211	0
317	4.0	23.083993277797234	1.8194146896824621
318	3.0	0	6.690441085232719
319	1.0	13.099732779682478	3.0379024314798326
320	3.0	1.6554912479411845	6.332119386568248
321	4.0	14.682412388684455	6.630527522065028
322	3.0	1.6580764721095342	7.785394222454871
323	1.0	14.425377007031319	3.030809197667917
324	1.0	17.491751554109214	2.671613868937369
325	3.0	4.189125666574492	6.5948053565375995
326	2.0	1.5911680136292685	0
327	2.0	0	1.6959367471195828
328	3.0	3.765254537650356	8.127689187098994
329	2.0	1.5718200671863807	0
330	4.0	11.545100375385347	1.6757406475191794
331	2.0	1.575839575043144	0
332	3.0	0	9.132453187113782
333	4.0	10.759811170053972	1.6584066195764975
334	4.0	17.438609087584425	0
335	3.0	3.091130796162543	5.49509050762968
336	3.0	1.497775278779066	6.270482532781412
337	1.0	8.640101503796227	3.6704174689840774
338	1.0	15.515241854103248	1.5207915132579204
339	2.0	0	0
340	4.0	11.07631056521322	1.3567279920305306
341	2.0	0	0
342	2.0	1.2747245138990737	3.8136555965450505
343	1.0	9.152683534284739	1.8950372806921643
344	1.0	14.496697813370234	2.798438528919866
345	3.0	2.684361959559116	7.624108323465006
346	3.0	1.6995470719230228	5.359973479775255
347	1.0	6.726284527930971	3.4431190525972553
348	1.0	11.609401031308014	1.7300495471162063
349	1.0	12.196063288305002	2.0201254542589124
350	1.0	10.836086214073505	6.54582444558557
351	2.0	1.2398946756340197	0
352	2.0	1.3793638903049492	1.939446853484995
353	4.0	5.252018363051324	2.632458725547661
354	4.0	11.096434707470564	2.165410323392116
355	2.0	1.3931675636000003	0
356	4.0	7.862633156239197	2.933249140656047
357	2.0	1.3804706762683359	0
358	3.0	3.286287271109976	6.293695000184405
359	2.0	1.4335189084019457	0
360	4.0	11.305424798883113	3.3794709698572256
361	3.0	1.374690439680926	6.9662998108755785
362	3.0	2.0183229839432184	5.8799343657249485
363	1.0	9.502820667124896	1.452138133930643
364	2.0	1.7678916986065576	1.6969646360170505
365	2.0	2.5863665208386815	1.6581919976109465
366	2.0	1.341103820826959	3.387196910948678
367	1.0	8.096879574607291	2.8035272243990774
368	3.0	0.18403373372469933	5.385242359086221
369	4.0	8.461599878533665	4.6396429142772675
370	3.0	0	5.265387387497974
371	1.0	9.844083009242437	3.9999872910260676
372	1.0	9.088281957219195	2.8952148164131595
373	1.0	10.843934021708352	2.7933880538329743
374	1.0	7.538134169673368	3.4280488192417433
375	4.0	3.908703328114651	1.8976011747640802
376	3.0	1.287932517863711	3.3217628516359534
377	1.0	11.203925051594027	4.441385880203269
378	2.0	1.486602363918059	0
379	2.0	3.1246535677218934	1.8857659652521865
380	2.0	2.58886776848672	0
381	2.0	1.7351150629255216	0
382	1.0	6.649557930233531	1.3797315219088744
383	1.0	5.9796820860751065	1.58129960161269
384	2.0	1.260074750762423	0
385	2.0	1.3258871586435603	0
386	4.0	17.678144811512798	1.4928569148544604
387	4.0	11.889351318787632	1.5134156561810541
388	4.0	16.26509208368747	1.7849787402479533
389	4.0	1.5227857009574328	1.3296070621416562
390	2.0	1.2480959274963626	0
391	3.0	1.5839512533934843	6.268248928429791
392	4.0	12.199411579415898	1.459216789672226
393	4.0	14.009203800960467	2.6227231295895512
394	3.0	1.4588649315020774	6.246817691482026
395	2.0	1.236658068571334	1.734393547682669
396	1.0	7.898364272717673	2.9950496142572147
397	2.0	1.2543070450364209	0
398	4.0	10.034847613883606	2.7699108813532916
399	3.0	1.356525953772154	4.300641832735748
400	4.0	7.05022074657627	2.490365333835472
401	1.0	6.539924185660138	1.2067432676988425
402	4.0	11.147937597543784	1.4535287595760726
403	3.0	1.3085019558547812	3.1195169337547846
404	1.0	10.479574955959839	2.579432190879535
405	4.0	11.062926408494791	1.7879378329180378
406	4.0	7.698393429613494	1.5155014578748858
407	4.0	5.124211129034503	1.3726131102350896
408	4.0	4.321760349043375	1.6782124879862148
409	3.0	1.2167378086150722	2.6421923129307814
410	4.0	11.828800023041474	2.528002493329085
411	3.0	1.4486778588334357	4.120470147017016
412	3.0	1.4202002665615574	5.666012045586867
413	2.0	1.1633235276697256	1.4544436468979498
414	2.0	1.257316430773693	0
415	1.0	7.375205366663067	2.6245427936760217
416	3.0	0.1272143969375337	2.951950678504904
417	4.0	10.721672866100226	4.0814431880462045
418	3.0	1.3563568625196647	7.1148427280825155
419	3.0	1.2166503058535338	4.666046164218439
420	1.0	9.196755282999526	4.066214701416148
421	3.0	1.3922996995222838	2.7500632827452347
422	1.0	9.364473865871341	2.591926733968076
423	4.0	7.912338014557025	1.4826656931252864
424	1.0	5.834143550884971	1.2881304736716555
425	1.0	8.25472656327334	2.5660289795850066
426	2.0	1.2619635258283166	0
427	1.0	10.573768211670044	2.6881727373182636
428	2.0	2.2292911619406204	0
429	4.0	8.928227010488335	1.1525711913742664
430	2.0	1.1737829827577049	1.4496889739385956
431	4.0	7.6426255383307	1.3323239426569982
432	1.0	5.257886427090759	1.2798210368378422
433	1.0	8.449006234452597	1.3797687870705573
434	3.0	1.1891672073255135	3.987586543687805
435	2.0	1.3011988469409677	0.13556104696575522
436	1.0	5.900283144625322	2.531170967187711
437	4.0	6.425622954770031	1.2019339878594315
438	1.0	5.010627607361677	1.1632990418083549
439	1.0	9.147446500448707	2.505050539989586
440	2.0	1.245273671777439	0
441	4.0	2.984397466110401	3.290965353022024
442	1.0	4.21444128408524	1.2958331821457847
443	1.0	6.153393248494272	1.202155819196742
444	1.0	10.002668932298915	1.296065447943489
445	3.0	1.26983287024771	3.5795710056420713
446	3.0	1.1405562927420936	3.4926071607669997
447	4.0	15.316176694352265	6.305689965985194
448	3.0	1.272716990448913	4.548193796456218
449	1.0	5.770179490265219	2.3903689160160293
450	1.0	9.770056138375903	1.3522579887833703
451	1.0	9.061370629535912	1.181170367327763
452	1.0	14.226765668970074	1.5460933639398613
453	3.0	1.2087660284437327	3.948683701946407
454	2.0	1.2073812299113853	1.5949394196073516
455	4.0	8.961065963421749	2.482769559215703
456	2.0	1.2290753831999979	0.18816566844821608
457	2.0	1.3907316575362496	2.507754556676921
458	3.0	2.344529539343334	5.846252834231157
459	3.0	1.380281820606518	5.635271937063249
460	3.0	1.167743810725364	4.12166127868669
461	4.0	15.353906709426914	6.379978789106938
462	2.0	1.1174898353804898	0
463	4.0	6.8677873069358615	1.2009650967322045
464	4.0	3.2863096345562433	1.2367578320838275
465	1.0	8.62975476529706	1.2168480802227886
466	3.0	1.1019976046069144	3.929213166661396
467	3.0	1.1636589627371827	4.995452957127727
468	2.0	1.4496915225004525	1.8158717575922454
469	4.0	6.2426143502886005	1.2402827382192076
470	1.0	5.579591029953061	2.745509987980175
471	4.0	5.606840074969046	1.3771352814765583
472	1.0	5.184278669142054	1.1841464487242868
473	1.0	6.227505534749985	1.2930381576597016
474	4.0	5.244625455501441	1.283466568348617
475	2.0	1.3551120620296322	0.11197718407887548
476	1.0	7.42831459434398	2.505002624331856
477	2.0	1.1551036995554531	0
478	1.0	4.864410505375107	1.2241712459280765
479	1.0	9.354469366306038	2.5481562351695626
480	4.0	6.264825421050763	1.4254171473331125
481	3.0	2.4647364176653794	3.3188057944381795
482	3.0	1.3449153176370712	4.860124962666437
483	3.0	2.2987086246821997	4.716941677176974
484	3.0	1.1881525161200681	4.860245683978191
485	1.0	8.609565663774521	2.5174317583554005
486	1.0	10.316937617073258	1.2881436778462676
487	4.0	8.185840563893091	2.5731561128774225
488	3.0	1.1679240890316538	4.749437780319941
489	3.0	1.1299455999975656	4.657921726974933
490	4.0	13.812999368532973	5.472402340913577
491	3.0	1.1371346418115962	4.807878201959613
492	4.0	12.69616206795812	2.4800525168505194
493	3.0	1.1832486080997198	3.8550002357501993
494	1.0	8.555598983235797	2.6001780487547084
495	1.0	9.589166433213407	1.3091725457204038
496	3.0	1.2038504193236537	3.6298761951095204
497	2.0	1.3771097589734964	1.2319721499608525
498	2.0	1.2671711972564994	1.3235919845741582
499	2.0	1.3345400347359806	1.2374502563850065
500	1.0	5.181446965826011	2.3093849177525545
501	1.0	6.877387400106168	1.357272109579667
502	1.0	7.536361701118142	2.9151482831984588
503	2.0	1.236818026430019	0
504	2.0	1.185923181362991	0
505	1.0	4.384537581643641	1.3775517612928347
506	1.0	3.4387126630898424	1.117499340594892
507	1.0	4.9998125973852705	1.2933799001360273
508	1.0	7.260306430531337	1.1729641799534707
509	1.0	5.839101772439027	1.3114811018810415
510	4.0	2.6304981757569106	2.4998682053555576
511	3.0	1.2144649541189847	2.7495345331791343
512	3.0	1.2139039530855527	4.579742213804735
513	2.0	1.5997018339474973	1.3193604262364704
514	2.0	1.2758878258432533	1.3820379529038866
515	1.0	7.246790579387901	1.3238353309605224
516	1.0	5.610186361745329	1.3112758178625559
517	3.0	1.2802890528597528	3.905204352244316
518	3.0	1.1538072370782146	4.846123979893125
519	2.0	1.2859118452629106	0.09758452018011993
520	4.0	9.107245102021263	2.512728393524178
521	3.0	1.3566546827386903	4.218880164309786
522	3.0	1.3592565221046995	5.242490344766137
523	3.0	1.4006065406607071	2.6812369000132934
524	4.0	14.042361028556492	3.769705596262756
525	2.0	1.2579996233264241	1.1912940024896692
526	2.0	1.2297981391392	1.2954282970714832
527	2.0	1.127211790418557	1.311289832482384
528	1.0	7.124649248919925	1.1537390016597298
529	1.0	7.875504681610851	1.3804047698967745
530	3.0	1.1793146735846112	3.8422778962935773
531	2.0	1.276042393061064	0.1527596056141756
532	1.0	4.720052864587334	1.1247866104055118
533	1.0	8.23938314054585	2.5083044491105535
534	2.0	0.07918020827113438	0.09232993462468925
535	4.0	7.094676959463633	3.0486942862178754
536	1.0	6.616408980257638	2.35675013850781
537	2.0	1.2144852061722853	0.11532238038275056
538	1.0	7.496947016872431	1.1530297844065198
539	4.0	6.575808633969515	2.5076123877389582
540	2.0	1.2244427831495295	1.1864343064762484
541	1.0	9.130718830185288	2.379538774230095
542	2.0	1.1271344196194535	0.18689904010724814
543	3.0	1.2658483477685567	6.588634599799192
544	2.0	1.3899779274275779	1.3235817935867003
545	2.0	1.2109816708805683	1.2392740084555005
546	1.0	6.981441977556699	1.2645813402919657
547	3.0	1.1966881418601314	3.9558618960811134
548	4.0	13.003047717620897	2.5046675580294564
549	2.0	1.2521987620510426	1.3284886381118228
550	1.0	6.755395457573927	2.226859572779357
551	1.0	8.579107378885237	3.1192499980172266
552	2.0	1.1916441364950858	1.2824203098033817
553	1.0	6.404988737927716	1.440728357575392
554	3.0	0.07440659214430892	2.650215611772251
555	4.0	11.706328293699377	2.693769491157275
556	2.0	1.1599419457203306	1.3158736591871796
557	4.0	10.719809443188714	2.424073715811973
558	3.0	1.3156441147100746	4.565768106973287
559	3.0	1.3245036455737835	2.920294463463993
560	1.0	9.519787554447795	1.2988646851694567
561	3.0	1.1730218409835163	3.609673118080995
562	1.0	6.403628200833762	1.3215491730837543
563	1.0	6.778403108137668	2.375072475227425
564	1.0	8.653193472360298	1.564247497279898
565	2.0	1.2703825147110537	1.1604511034932106
566	1.0	8.913160632398082	2.507679222263345
567	2.0	0.07325548645315941	0.14724429727501337
568	4.0	7.78086304294905	1.5005481359885402
569	2.0	1.1736603140248758	1.1703577304871775
570	2.0	3.803085672789277	1.158045627615277
571	4.0	8.913571430575862	2.5298876911276382
572	3.0	1.2140000192894704	5.048095475870073
573	3.0	1.3106420394478864	5.102397879735142
574	4.0	9.244886850046692	3.3388287386180786
575	1.0	7.874480612932948	2.3666711866480474
576	2.0	1.199632776592433	1.4127463391740744
577	2.0	1.112005117938761	0.08609111836580602
578	1.0	8.404912068349322	2.309374650400522
579	4.0	9.573715473144473	1.4112355877107277
580	3.0	1.145920291209164	5.153013016383105
581	3.0	3.7420108615774788	5.951367023840417
582	3.0	1.3754902239777171	4.948410394890496
583	2.0	1.2595507259843386	1.3395031965861988
584	2.0	1.2142501617416883	0.08744016490845896
585	4.0	11.673044369907183	2.5478850864751728
586	3.0	1.145306016464455	3.759868590280028
587	4.0	10.591241781530169	2.3036706999268106
588	3.0	1.138090711781648	4.140561176594609
589	4.0	12.29833656317369	2.409959312803733
590	2.0	1.2418627259390742	2.3934633703849086
591	2.0	1.1483657378512557	1.4561480069692747
592	2.0	1.31647527262826	1.2912379731456898
593	3.0	0.08718449432587627	7.20434501330244
594	2.0	0.09216324905631534	1.4318293395670139
595	1.0	3.732633809890827	1.2474420809873814
596	1.0	3.520612532808443	1.3083405645444015
597	4.0	3.68112175315323	1.1305776593735917
598	3.0	1.2213023413562487	4.2449459048939975
599	2.0	1.256928429582215	1.1706874502516635
600	2.0	1.2502440387592402	1.278183106036734
601	3.0	1.2041917169229703	5.82867400011626
602	2.0	1.22671770025181	1.2225029249131139
603	4.0	11.251856624833492	6.176404144153309
604	3.0	1.2580745562887357	3.621650048993831
605	1.0	6.54838575778412	1.361653268222618
606	3.0	1.1354874840040272	4.064043897495054
607	4.0	7.43855602152147	2.5309631309255285
608	1.0	4.675511939133673	1.207088831656726
609	4.0	12.290226601792794	2.425894586558229
610	2.0	1.2170776864856307	0.14848706559952776
611	4.0	8.527995772135299	2.5565557750477463
612	3.0	1.2876613672559862	3.6707409164585663
613	2.0	0.14346491761564767	1.3006798883657074
614	4.0	8.22452555143116	1.6510902793562248
615	3.0	1.1607509344611762	3.629371575008045
616	1.0	7.082231357456477	1.2825458171265136
617	3.0	1.3392558546012006	3.9791843103889253
618	2.0	1.4230825087378207	0.11402221801428646
619	1.0	6.594835749997054	1.5076003289830324
620	3.0	1.2250785070515537	3.951144966245588
621	2.0	0.1065810808702009	1.231424029243748
622	3.0	1.3522376873514919	4.790421844612287
623	3.0	1.1933295030191096	3.8440486793414026
624	3.0	1.2323952929631414	3.9389689169961306
625	1.0	7.67035776961371	1.2218681044421418
626	4.0	8.995369962622243	1.2889000039272174
627	2.0	1.1019505949934776	0.1456235037733153
628	1.0	4.996910583222859	1.1272094453763726
629	1.0	7.331815055524373	1.2653685704952857
630	4.0	6.581008376236449	1.4699799105149098
631	3.0	1.3159163971495862	5.168250468662899
632	3.0	1.2447875172068223	5.06147632015223
633	2.0	1.3188497907451115	1.316591831157822
634	1.0	8.948273248735934	1.3292458717712194
635	3.0	1.227447927319886	5.152639172226236
636	2.0	1.2012765313511042	1.1990125052798675
637	4.0	15.030143137575996	1.1633417711166656
638	4.0	6.371949441837345	1.2800968917875577
639	2.0	1.161238376278802	1.2805147618095467
640	4.0	6.173838812605271	1.2966455929076484
641	4.0	10.209459636043016	2.3030862746860037
642	3.0	1.278085657981754	3.7191761221593587
643	3.0	1.240516697051441	5.157744504010838
644	4.0	13.392763315722942	3.581515627979845
645	3.0	0	4.556149051606252
646	2.0	1.1627159870066333	1.3753613119132342
647	3.0	1.2371119249627651	5.079728724640287
648	4.0	9.845972963544238	2.4418803092334636
649	3.0	1.116990923959495	4.132481474024054
650	1.0	6.931420289118978	1.3156940005562399
651	3.0	1.158107035873455	3.6683539790992286
652	1.0	10.551293001634011	2.455821677488657
653	3.0	1.2062475669211727	2.6860310746464653
654	4.0	9.463736399852795	2.448872986428441
655	3.0	1.223726607374466	4.1649130897870545
656	1.0	10.782704029982787	3.8931821390963224
657	3.0	1.2494380383913382	2.647660299841178
658	1.0	11.7516380055	2.589252438631967
659	3.0	1.1857572896963755	2.3902995984870055
660	2.0	0.10263750562929796	1.1587204891652454
661	1.0	6.013231502090911	1.2777253499149104
662	3.0	1.3986774755725184	2.9098528257095886
663	4.0	7.3617384979913085	2.474413646287702
664	2.0	1.2645493561351329	1.166372578650984
665	2.0	1.1739100403408655	1.1476910695230056
666	4.0	9.262217478605903	2.722379520188973
667	3.0	1.1915077677424284	4.140921930720355
668	3.0	1.1970314291736017	6.119332973111382
669	2.0	1.1815067522526799	1.304118412043989
670	2.0	1.1357758591399367	1.1964012016118826
671	1.0	6.43431106623267	1.3257888183338473
672	3.0	1.364108157038716	3.6099668443760216
673	1.0	8.486339773012084	1.2799656063984368
674	3.0	1.0942575568388675	3.652933048151615
675	3.0	1.1503174350218226	4.570716794823333
676	4.0	12.425979434775083	3.4952511200505927
677	2.0	1.4535460834371936	1.2247048043929283
678	2.0	1.1485697084533653	1.2678535470338135
679	1.0	5.777530398258776	1.208986520508532
680	4.0	8.561809965247555	2.2726584051443286
681	2.0	0.15368514999906607	1.2223105719169636
682	4.0	6.399911662332935	2.454391160211249
683	2.0	1.1932313550339289	1.2237960569633413
684	3.0	1.290415196598007	5.03250657424011
685	2.0	1.1579639738575866	0.15100693111227542
686	4.0	6.933900738745681	1.193451959981889
687	3.0	1.301356327868632	2.955914281427661
688	1.0	7.269525809817667	2.3288983015498697
689	3.0	0.11012179009129774	2.5893802738171843
690	1.0	8.770408611856194	1.6420825519213464
691	4.0	3.3114401754627307	1.2498100287393767
692	1.0	6.383130049739404	1.541074203857422
693	2.0	1.1435160718112176	1.2021943662813666
694	3.0	1.1225915250333527	3.642909773241407
695	1.0	8.198296683710286	2.6585845594229296
696	1.0	13.57871845280499	2.5207133426181416
697	3.0	1.48735220581784	3.5209847312265685
698	3.0	1.2750057486663717	3.440918105620201
699	3.0	1.3160457865123891	4.838554807006467
700	1.0	11.257685317008521	2.3895557698227994
701	3.0	1.3515732722688845	3.8486242226069103
702	3.0	1.2705410696154809	5.1168847882073
703	3.0	1.4024985593455546	4.252033756230312
704	4.0	15.666012916876465	7.140516154940764
705	3.0	0.06861534917707206	4.897410884870279
706	4.0	10.305871300743341	2.4439971722640044
707	1.0	7.097519193569519	3.434280376908327
708	2.0	1.1762938663392264	0.08164398410839002
709	2.0	1.1682253373953824	1.1807993856685177
710	1.0	7.520149395213787	1.1664787087575192
711	4.0	8.863829321969446	1.253189890513429
712	4.0	2.6090712313958657	1.2878989203049416
713	1.0	6.540577250859569	1.4516230390983322
714	2.0	1.1279142401745295	0.08612224684675274
715	1.0	8.313955347901938	1.4978027382037986
716	3.0	1.1886557703511778	3.8491616540786615
717	3.0	1.109243564258529	3.560883949721166
718	1.0	8.445606306535737	2.5770974733974445
719	4.0	7.1301654243657335	1.39577722605468
720	2.0	1.2164109815604447	1.1625750230360248
721	1.0	7.234030719992416	1.467178272180263
722	1.0	8.25227577371513	2.367811943043646
723	2.0	1.1522808800274449	1.1869209337734488
724	1.0	9.283369194303827	3.5072461521609535
725	2.0	1.313057292485521	0.15246460238340392
726	4.0	4.665929080810356	1.2961844340297273
727	3.0	1.3244655765423456	4.943038773012047
728	2.0	0.07678944296580678	0.14095247542907743
729	4.0	13.456955386880997	1.259522345217851
730	4.0	10.951131639929718	2.30593544336032
731	2.0	1.165360464637211	0.07947251978316479
732	4.0	7.632418497072929	2.38783865665275
733	3.0	1.1625083503846056	3.4485600696990923
734	1.0	7.722200381781428	1.3677015646031419
735	4.0	9.37172656713548	1.331761098792339
736	3.0	1.1129434801394154	3.640044905319975
737	3.0	1.2625822756666227	9.090952668063096
738	2.0	1.2863096430064889	1.2499404839105703
739	1.0	5.2595357843443695	1.3474833816503013
740	1.0	9.723643665848611	1.3267529262708804
741	3.0	1.2200585337138947	2.8653460918697804
742	2.0	1.206331888669	1.3014552393480094
743	4.0	12.941219277695795	2.3286309613589506
744	2.0	1.246887524426644	1.2634803962237524
745	4.0	7.10263797790383	1.176200042816957
746	1.0	7.073376349262594	2.441980878480103
747	2.0	1.084173198026959	1.2274851611978261
748	3.0	1.2650935029825292	4.624645045210347
749	4.0	12.833458365934993	1.5451146200781183
750	2.0	0.09928737924178091	1.1582516539179895
751	4.0	10.769641246621415	2.344196822239291
752	2.0	1.1883836578769098	0.13586597470388134
753	2.0	1.1657890057386402	1.2888303491600552
754	4.0	10.48486452326471	2.412972044317892
755	2.0	1.1738382154230824	0.1431301266205663
756	2.0	1.1785426170653621	0.0787418757090454
757	3.0	1.1395305450327833	3.6277538390888906
758	1.0	10.170341142170303	1.4667583201936998
759	3.0	1.3294857989765552	2.4099617439062255
760	1.0	10.579000694315774	1.3131667442285024
761	3.0	1.1606317514738214	3.7860309186076933
762	2.0	1.1754790855150306	1.3754232285368322
763	2.0	1.1449027023183167	1.1912528475252568
764	3.0	1.3181310417330967	5.714398073180832
765	2.0	1.198313733828946	1.1499694897386405
766	4.0	12.507847313159827	1.278508853707977
767	4.0	6.119468097216321	2.282375354249394
768	2.0	1.1526507627426577	1.14104785485988
769	1.0	10.004507325169579	1.3108199728379104
770	1.0	9.445588129624596	2.6201883840274487
771	2.0	1.4408455069764534	0.10165138657605964
772	1.0	18.277802722085855	9.76549861232995
773	2.0	1.1115965792100755	0.1426578124436758
774	2.0	1.2296991456390263	1.165294078576521
775	2.0	1.2646664690365617	0.14545138177440087
776	4.0	8.387471498711584	2.428279076351237
777	3.0	1.1331626942752482	3.790377520684912
778	3.0	1.2963197619484443	5.357151398787507
779	2.0	1.278385357077406	1.2776900703393856
780	2.0	1.2581649994015554	1.2977750157680856
781	3.0	1.1930851901573947	4.716826871138772
782	1.0	5.254897032460063	3.527555774292787
783	3.0	1.3209891293469782	3.768339852733265
784	4.0	8.560949680355925	2.2912661963023955
785	4.0	8.65301825867125	1.3064837728447183
786	3.0	1.1729305079908428	3.803307058716927
787	3.0	1.3337525387192852	3.776192731772094
788	4.0	13.650392479716842	2.3696933958704185
789	4.0	9.781115418980072	2.2957412490165927
790	2.0	1.2039653318076828	1.2757044956323307
791	1.0	6.668436465440882	1.387370666304407
792	4.0	7.032825671817816	1.3271774630669921
793	2.0	0.09258928171861286	1.2682778635520247
794	1.0	6.473771471531653	1.259572839188642
795	4.0	9.320574381742652	1.3321270819195592
796	2.0	1.1304430730591166	1.1683383842928081
797	1.0	7.673849715680168	1.2218264133417986
798	4.0	7.765231181695415	1.1839066940119214
799	4.0	7.435328550846905	1.292815599824748
800	2.0	1.358961107074901	1.3244937958111014
801	1.0	8.1935702628868	1.1627805637727047
802	1.0	6.876951210533796	1.2479440524217051
803	2.0	0.10422387532997764	0.07934747874590382
804	3.0	1.277744476747025	4.476485308970317
805	3.0	1.2264094800108536	5.3642302378413715
806	4.0	11.444160402801385	3.624663229054552
807	3.0	1.1175650295651554	2.458604386372653
808	3.0	1.168883798335455	5.014534648024505
809	2.0	1.3166343907230196	2.530364301000507
810	2.0	1.172968405890368	1.4918831418991472
811	3.0	1.2144209093138412	3.4649783107876084
812	1.0	8.023321619599129	2.477051085557892
813	2.0	1.1863923621469936	1.2959965439904928
814	3.0	1.229143980543615	6.079324014236916
815	3.0	1.2832777231438355	3.5360747759958056
816	3.0	1.2398286775590797	6.324313459529573
817	2.0	1.184288734621934	1.165365049367863
818	4.0	12.362411420910723	2.393325803812192
819	2.0	1.0913658050805044	1.2552132364549315
820	1.0	5.372790180145151	2.6175701874839357
821	4.0	5.660988716274333	1.3054740829975338
822	2.0	1.1318770083632084	1.152388583353058
823	1.0	12.510212473773333	5.017125322256731
824	2.0	1.1524486978955255	0.11797266933432876
825	2.0	1.1399671829589821	0.16046585744301556
826	1.0	9.048117490007433	2.661291780564625
827	2.0	0.04036646436075389	1.3162027779152796
828	3.0	1.2424414996061068	4.523149638146639
829	2.0	1.2070576637096349	0.1205244079255403
830	4.0	12.346689362015578	2.591044171524264
831	2.0	1.2932746482950925	1.3651695721639183
832	2.0	1.1756736816676088	0.07585648962784335
833	1.0	5.440804595951482	1.3437399913145789
834	4.0	7.484914146951986	1.22245784484323
835	4.0	3.8650273205704893	1.127964582777609
836	1.0	5.360303840084441	1.2197152509507048
837	4.0	5.408470421602742	2.548591856287064
838	2.0	1.170226249534025	0.13246362610187926
839	2.0	1.1222143487126222	1.2985880486580348
840	1.0	10.386858179857011	1.1680912768299259
841	3.0	1.2682428777115	4.958541376948602
842	2.0	1.1785962744503145	1.2760034632393507
843	2.0	1.1735940097770348	1.4037538825863742
844	2.0	1.2772617104166728	1.331014052952723
845	2.0	1.2175046870169626	0.19696967878407473
846	1.0	5.921206287815015	1.1432655633930184
847	1.0	3.3926902596397435	1.1253335734514645
848	1.0	11.03515657982133	1.2225447195791672
849	3.0	1.213852861833235	2.806759665255046
850	2.0	2.658355914326977	1.2572998765960048
851	3.0	1.1758123676839793	4.926645141668468
852	2.0	1.1104477223515137	1.6142737995767695
853	1.0	9.242924096781614	1.2144319142709117
854	1.0	11.997043448096893	2.2774198362145603
855	2.0	1.1323293576666975	0.09000865565554175
856	1.0	5.7706639067318655	1.1912447360990046
857	1.0	6.060789459395207	1.2244573059426964
858	3.0	1.125338897528732	4.147499323085718
859	2.0	1.2833055110261156	1.2988926384150157
860	2.0	1.419029737625896	1.1706790297864698
861	2.0	1.1895262255717824	1.2954327061272222
862	1.0	8.295200462619615	2.6153858825451577
863	2.0	1.0961893975369223	1.1759293622330351
864	4.0	6.645240531547891	1.285416971850884
865	3.0	0.08185385966529254	5.502387744195475
866	4.0	13.265713461671881	2.7270563669751384
867	2.0	1.2964504601464053	1.173948213463497
868	4.0	7.226822744861961	1.306766486605061
869	1.0	7.801036726281209	2.370304716941631
870	4.0	9.57904448137608	3.8895234028500334
871	3.0	1.1581635800533479	4.022987451666774
872	3.0	1.1714872792338769	3.7374329560892705
873	4.0	15.221700721201191	5.423411018312098
874	3.0	0.09487162937739407	3.7185974721729496
875	4.0	13.005330320999633	1.3322590967538623
876	3.0	1.1626605416136495	3.5349405381706496
877	4.0	12.433560912749918	2.2851526956780357
878	2.0	1.2135951694370246	1.487334669548697
879	2.0	1.2249377879988055	1.2806709340711135
880	2.0	1.2806610338263327	0.0976409330437451
881	2.0	1.1635661605059058	1.3216041087412191
882	2.0	2.5176602665744716	0.16066103260218617
883	1.0	7.644817024414948	1.1804542744569777
884	1.0	7.931230156846534	2.364414629778384
885	2.0	1.1347413131137216	0.15556203978214347
886	4.0	5.0665031148282385	1.4257477768816988
887	1.0	4.719905576198577	1.2957313815058402
888	2.0	1.1808425720706301	1.1588947595787316
889	3.0	1.3092374543345577	3.7242306821594604
890	1.0	11.098948244118068	2.617281362854588
891	2.0	1.2634046844490288	0.1251594687985166
892	1.0	7.941768684700851	1.2379602348213083
893	1.0	9.112587761739437	2.4037219769438143
894	3.0	0.11957841989861526	4.847251013524924
895	4.0	9.890036448086459	4.469458403967967
896	3.0	1.1477881388386795	3.450849718671727
897	3.0	1.4033271461969838	3.7294866318993254
898	3.0	1.2296525139867696	3.7702359659125357
899	1.0	11.16331914150227	2.5327631711751444
900	3.0	0.10518642449428071	2.8185174028623696
901	1.0	10.663771145593863	2.953698479843478
902	4.0	7.795920883445874	1.441378723362191
903	3.0	1.2632626873829556	3.7681658637743776
904	3.0	1.1715191125225104	4.083605101090361
905	1.0	10.105006693118222	1.2622394803271513
906	1.0	14.308129949495193	1.3166310497134293
907	2.0	1.202161104020204	1.2396802514114615
908	3.0	1.3315454207072972	6.112255029063202
909	2.0	1.194621184379164	0.13081783769671546
910	1.0	11.111284950940693	2.563620545377243
911	2.0	1.3053961329379777	1.4894876464387599
912	3.0	1.1808026063877897	6.2007263096558765
913	3.0	1.2170015419969196	3.8600578467139086
914	1.0	7.767037413541086	2.275545536641816
915	2.0	1.1345958644407228	1.1912034094884822
916	1.0	6.568577852784096	1.3475009042375163
917	4.0	7.496898958821197	2.389881606471365
918	2.0	1.2630634672661074	1.1840913194011211
919	1.0	13.782464803620366	5.1427232825894995
920	2.0	1.176556045152422	1.2859233712750366
921	2.0	1.260530690855794	1.3778735809387403
922	1.0	7.166061020418149	2.6204510999124233
923	4.0	7.465947618380929	2.609005053938666
924	3.0	1.103866757383353	2.44638339927027
925	1.0	10.467061100841681	1.3934015936075888
926	1.0	14.548350844002815	1.3846020586080292
927	3.0	1.165325569153239	3.737385189528523
928	2.0	1.1714502132646836	0
929	1.0	9.625321031306058	2.5616281550899163
930	2.0	1.1172653821336112	1.5412894026954325
931	1.0	8.313407498485613	1.2095216006882819
932	1.0	11.093539688406524	2.57868793989295
933	3.0	1.1914133782175635	4.449417696449416
934	2.0	1.3464083605557031	1.2552955544702948
935	4.0	6.002228236299883	2.4617513245734983
936	3.0	1.4409158971207536	3.64966648720663
937	3.0	1.3243626877716494	3.9385131885523754
938	3.0	1.1352060467377634	3.5661055684133087
939	2.0	1.2452154899682708	1.5056017714242558
940	3.0	1.325909801714701	6.033172419988817
941	3.0	1.188392725487756	3.8116486353184085
942	3.0	1.1939973958561598	4.882417946931267
943	3.0	1.1556860865986514	4.176360182891866
944	3.0	1.3700573756314716	5.844374906179417
945	2.0	1.3571223492453925	3.8238856543841395
946	2.0	2.3395117974826474	1.5583242307741196
947	1.0	9.560757113623687	1.3386033891508804
948	3.0	1.229162912190751	3.7216496558945047
949	4.0	5.202037792678173	3.5923290653002846
950	1.0	6.2117113818114165	1.316165426497045
951	2.0	1.17054019046655	1.2834609622044046
952	3.0	1.2326714596572852	5.963411711645415
953	3.0	1.2094736672242579	3.9310393844460907
954	3.0	1.3629338280093046	3.726439493810091
955	3.0	1.1408361380808105	2.684221965374676
956	1.0	3.6833764294156652	2.4775739905516123
957	3.0	1.1226300787711958	3.704688223369093
958	3.0	1.1017888399314844	3.8440812939098454
959	4.0	13.102347311319132	6.675546620475332
960	3.0	1.149778969421404	3.8932376872880985
961	4.0	8.16589439211577	2.625208186883769
962	1.0	9.72213833674814	1.497245378399002
963	2.0	1.1891123651637066	1.2835591872680145
964	3.0	1.1989371120868977	4.907440135836582
965	1.0	7.439319594001184	2.2882604517231453
966	3.0	1.310886268149031	5.8168803702782945
967	3.0	1.228877473686132	3.7701627019899275
968	3.0	1.2733644549851242	4.985350701698508
969	2.0	1.1963323483396895	1.374982975356159
970	3.0	1.1270860061211772	5.165833181901702
971	4.0	9.804008418750247	3.8270758781830736
972	3.0	1.1626378651284857	3.925242507766204
973	4.0	9.230099238925677	3.5965764320196634
974	3.0	0.14735024950686493	5.882412721999519
975	3.0	1.2401104010938533	3.5560348869273284
976	1.0	3.598962176260646	2.3576896061902572
977	1.0	15.625246827220392	1.2062223833959744
978	3.0	1.217321020189312	4.144609154752386
979	1.0	7.731419089133735	2.2755221763693605
980	1.0	4.752514060759938	0.09710817844354461
981	1.0	10.551564735746915	2.361631591378586
982	4.0	2.518431280990451	1.1915054858962864
983	1.0	7.000012145491931	1.355167194081952
984	2.0	1.160352111976097	0.08649020549151386
985	1.0	12.377340896842252	1.1958230301860096
986	3.0	1.2019321203016753	2.68340163646942
987	2.0	1.2680184325533717	1.463820058891642
988	2.0	1.1733039185408234	1.2854491844404854
989	4.0	8.122140816828317	1.2987626516983535
990	3.0	1.0995980427949887	3.948538821053717
991	1.0	10.829236254869421	2.469347085047794
992	2.0	1.1808290017610115	1.1588378415857055
993	3.0	1.1405414041251583	6.170940059812861
994	3.0	1.1715835833265937	3.270923376628654
995	4.0	11.178128323370451	7.369398413743768
996	3.0	1.1021300566784193	3.5558945018780186
997	3.0	1.1142178760042778	4.717143418847148
998	2.0	1.367942022909593	1.4515615779074458
999	2.0	1.3089439534901985	1.5031342759406778
1000	3.0	0.13809885640167463	6.155719783335672
1001	4.0	9.711779990858414	2.2836859288813702
1002	3.0	1.1601597098042555	3.6371687399687156
1003	1.0	5.8390371689412826	1.568043709394059
1004	1.0	12.821882859619372	2.6022020076872323
1005	3.0	1.1678321441167798	4.089908765431899
1006	1.0	14.312967671256299	2.5386071824332372
1007	2.0	1.2627932568393638	1.5579438952315352
1008	2.0	1.0769345814064433	0.19313169970845329
1009	4.0	6.402963469245282	2.330888514139282
1010	4.0	5.884754776735905	2.3347039302586614
1011	3.0	1.132793930931046	4.533526861390152
1012	1.0	7.959597072667818	2.6051716407773378
1013	1.0	11.787191826332284	1.27029934193652
1014	3.0	1.2009382452418336	4.310483075045314
1015	3.0	1.1843910721919935	2.59114928454823
1016	1.0	14.533397126575963	2.462100984042117
1017	3.0	1.1459758746591702	4.068685717757714
1018	3.0	1.232346808804542	4.033512808590533
1019	1.0	11.555256110218632	2.2059669004484816
1020	2.0	1.226963868462902	1.2420657806698423
1021	1.0	12.474443760674884	2.5304971356798003
1022	2.0	1.3082388670218144	1.4436036788738844
1023	2.0	1.2607459422746587	1.1780109040603428
1024	1.0	9.224404869124076	2.3450773898662844
1025	4.0	6.369589100052306	2.4048221590326286
1026	3.0	1.2726575205155644	4.864454755553439
1027	3.0	1.1839596823190544	3.6016227635000364
1028	1.0	10.519690198646515	2.37214726957522
1029	3.0	1.2345471335755014	4.711706076092452
1030	3.0	0.12267663350368851	3.762592339258663
1031	4.0	15.056547721643554	4.856284274522101
1032	3.0	1.2773732386011694	3.8144389952318933
1033	3.0	1.247203279949011	3.78120814549883
1034	1.0	3.5490894504799226	1.3597853032168188
1035	1.0	15.09424022236481	2.6857383190126107
1036	3.0	1.1806018430235634	2.4568645941394727
1037	1.0	8.795897526022692	1.3107889450594525
1038	3.0	1.0997068063448912	3.890051490220451
1039	4.0	8.833699402462239	2.3140855954647415
1040	4.0	9.13300162700897	2.3439259404934334
1041	2.0	1.287706124071798	1.3822886880923817
1042	4.0	10.19561702540303	1.3626023136327545
1043	4.0	8.005294482217613	2.6727351968588255
1044	3.0	1.2271468467071307	4.505645046759202
1045	1.0	8.502768290325555	1.2830213487500122
1046	1.0	3.6763268179412747	1.1380784981540575
1047	1.0	15.520603682052233	2.2146429495473487
1048	3.0	1.138090325224521	2.2915017646323754
1049	1.0	10.050317389761938	1.3012548333220182
1050	1.0	11.773495759473008	1.5409904789325375
1051	3.0	1.1041028521785496	2.350168965694094
1052	2.0	1.2423680494477733	1.2874895730193272
1053	4.0	7.954492375353949	1.4100137717733634
1054	3.0	1.2022030445802876	4.866549599704575
1055	2.0	1.3570267971111096	1.377573165004456
1056	1.0	12.076196299361476	1.3108310316958407
1057	3.0	1.1505611906362576	4.97665135363893
1058	4.0	12.621879656829686	3.638109585005834
1059	2.0	1.17355586776501	1.1554266176795926
1060	1.0	10.943635671087222	1.2905241908864409
1061	4.0	8.533689570959424	1.2747831302786263
1062	3.0	1.2476887768018738	2.574679826185505
1063	1.0	12.474806756035047	1.3079728730532485
1064	1.0	3.932851899555546	2.5987973142545355
1065	1.0	16.318567553138756	1.3871461158864935
1066	3.0	1.1882722240233785	3.912984862577071
1067	1.0	13.571532826957263	1.3385738563614564
1068	3.0	1.1804254200840598	2.5784660758107645
1069	1.0	12.867549904270215	1.2900789859757678
1070	4.0	3.617116802758672	3.352657782723689
1071	2.0	1.2977206238355694	1.3730170517098157
1072	1.0	8.709351049323756	1.1937430020022328
1073	1.0	7.3448776234296576	1.2580322036397011
1074	1.0	12.05297298948475	2.463576730920554
1075	2.0	1.3017625311429644	0.12467108805950698
1076	1.0	14.520661531013403	9.196967353694587
1077	2.0	1.226988356011357	1.301145733922065
1078	2.0	1.2186138958305595	1.2444545994893836
1079	2.0	1.1554747688081815	1.2420428270486488
1080	4.0	4.996636083757024	1.179003918250235
1081	1.0	5.9000077643644735	1.221598675913837
1082	1.0	8.839546776546777	3.3013395206595546
1083	2.0	1.1447415329802924	0.11994733781701508
1084	2.0	1.1480424830002867	1.2608192075995805
1085	4.0	9.216520668193645	2.4483292332711657
1086	3.0	1.156009426604398	5.238981811086657
1087	3.0	1.1716392530995292	3.5337388593573182
1088	4.0	10.326590811813237	3.543014827724566
1089	3.0	1.1945386783319303	4.11165314476797
1090	2.0	1.1511546865075803	0.14558922190270257
1091	1.0	6.2983827906438385	1.1739856838203484
1092	3.0	0.08949785994462403	4.997990465512074
1093	2.0	1.2925748495152183	1.6306159964737246
1094	4.0	7.811009357266951	2.4951499516060687
1095	2.0	1.149910184828395	1.2117918243280046
1096	2.0	1.1585265805181932	1.3674223785415522
1097	4.0	5.948401170421863	2.3113847293603196
1098	4.0	8.40481869562358	2.4891083384516755
1099	3.0	1.3442426694517462	3.666480127027459
1100	3.0	1.3678527199338122	3.580960747484016
1101	3.0	1.2496071959148716	3.4842205439386085
1102	3.0	1.1563698281440833	3.33199094140158
1103	4.0	10.448239618116116	2.356832865811383
1104	2.0	1.2756227465836252	1.178056060569424
1105	4.0	7.71874923577127	1.44962639143127
1106	3.0	1.1608808752898616	4.995449259392785
1107	2.0	1.160051444021013	1.349299197892597
1108	1.0	9.56050526118913	5.106793786571063
1109	2.0	1.2990570546261282	1.3387428129618466
1110	2.0	2.250421834102025	2.71217004212506
1111	2.0	1.287817953261712	2.407366206771573
1112	3.0	1.2454441696441312	6.30910824283566
1113	3.0	1.3617442529089927	4.9974437302119075
1114	3.0	1.1405298154240529	3.8163959021451945
1115	1.0	11.107092041079024	1.2704776974251162
1116	3.0	1.2778820754948665	5.627092707247834
1117	2.0	1.1299192172429628	1.1499129027524504
1118	2.0	1.1888332089801867	1.3163941232543008
1119	2.0	1.1832426730231733	1.2167107052213528
1120	2.0	1.3922023470632694	1.1891357122286128
1121	2.0	1.3826797218804394	1.586202525768816
1122	3.0	0.14615248640570205	3.808764896588253
1123	4.0	12.543190644693796	2.4519047758679964
1124	4.0	8.265221225399433	1.3594180575799375
1125	2.0	1.211292848881162	1.217185234235579
1126	4.0	6.619840813985117	1.2297321530772258
1127	1.0	4.78554221908698	1.170663848939709
1128	4.0	7.217130543095272	1.2773065983217031
1129	1.0	4.8038051689362335	1.2504545036690775
1130	4.0	9.08365905028367	2.601908948025162
1131	2.0	1.1500933332619878	1.361475096105106
1132	1.0	6.392481320003853	1.3065449761484333
1133	4.0	7.0617156873819305	2.526151284881329
1134	2.0	1.1625530011264191	1.4238616902400731
1135	1.0	8.548051135785343	2.5045310461103845
1136	2.0	1.1531419575102035	0.16014229334141633
1137	4.0	6.2345319850133425	1.2088209139218342
1138	3.0	1.286063502044764	2.7833337170915677
1139	1.0	9.59240136738237	2.2786343114871466
1140	3.0	1.2188953757496266	5.124384119640666
1141	4.0	12.233997762429679	3.1966822115326914
1142	4.0	7.617571380404506	1.4621569324346353
1143	2.0	0.08629229921150837	0.08630859524047066
1144	1.0	9.968844883552382	2.3526098962845277
1145	4.0	8.148092093496475	2.6759394464491852
1146	3.0	1.2093579465094437	3.56810539546122
1147	1.0	13.990065932761539	3.37804028461917
1148	2.0	1.1404802847242839	1.1614150691106078
1149	2.0	1.298388568945034	0.11452787553104062
1150	4.0	5.713579808525726	1.2831853310096424
1151	1.0	10.278056179982004	1.3210831770032283
1152	2.0	1.2441074107801542	1.1869530284050482
1153	3.0	1.2245022964693757	5.507700557194306
1154	3.0	1.0608977827468553	3.8539620008669027
1155	3.0	1.145807478852	4.04833343176556
1156	1.0	8.660736849249659	1.2010697606802552
1157	1.0	10.362671784399723	2.443527943937371
1158	2.0	1.1837143966722383	0.11759344019315227
1159	2.0	1.132565564616387	1.2138747342447647
1160	4.0	8.640541021101331	1.4214503864078987
1161	2.0	1.2504166902398777	1.4566924730003097
1162	2.0	1.3269994948962758	1.2394529693860807
1163	4.0	9.420842590149686	2.296309311909261
1164	3.0	1.1280086161557006	4.894567738060263
1165	3.0	1.1254748050825505	3.7977825198561237
1166	1.0	8.780572523670793	2.286160965453729
1167	2.0	1.2137043167276995	1.1946006068847501
1168	4.0	6.54773181845677	1.1529499138678354
1169	1.0	8.47889707229066	3.5352346341288645
1170	2.0	1.0948368506142634	1.2301210624554855
1171	2.0	1.1373783420636987	1.1910821903477846
1172	4.0	8.801019260807404	2.418603133238456
1173	3.0	1.2838978972132125	3.5501927509134954
1174	1.0	11.673016311441707	2.3264786352400684
1175	3.0	1.1536310605628803	4.091598704369788
1176	3.0	1.2675382011509395	3.5122031890871424
1177	3.0	1.1581726286139782	4.962209140548893
1178	1.0	13.162809643957923	2.3527221338258872
1179	3.0	1.3092731963470259	3.5374640912793334
1180	4.0	9.117355615697543	2.30077171577866
1181	3.0	1.1563205562263192	4.89018632948901
1182	2.0	1.1813261332615588	1.3723100741943297
1183	1.0	5.616844453851115	1.4126497798790085
1184	1.0	12.177791332494394	2.514928517702413
1185	2.0	1.3057199838249955	1.1893893055683002
1186	2.0	1.404856144272401	1.5610006721960206
1187	3.0	1.1556602779663394	3.9819507965796546
1188	3.0	1.1303381407375535	4.87472100463884
1189	2.0	1.2705074160855927	1.168597207247593
1190	1.0	11.407284846670201	1.2927162550837212
1191	3.0	1.1333228723031668	2.6139686506863646
1192	3.0	1.3168330861829731	3.8369699138276308
1193	1.0	10.237303112301682	2.3627373920074293
1194	3.0	1.1273977798957424	2.560749887850232
1195	3.0	1.1966610135283746	3.7339691954922647
1196	4.0	11.900995317984824	6.31036241415539
1197	3.0	1.2340625081012937	3.8716933361911616
1198	1.0	11.70172565344007	2.609693302933906
1199	1.0	14.425143490749209	1.3139126076655674
1200	2.0	1.2041920624110813	1.272384498253915
1201	3.0	1.3167980081975674	4.701222949617726
1202	2.0	1.277507007289164	0.17911739585504327
1203	2.0	1.3030882674774462	0.1480379893617884
1204	3.0	1.1114866970756438	4.778367640225708
1205	4.0	9.745075468162621	2.2366377819612855
1206	3.0	1.1715218850407614	3.9819714625751006
1207	3.0	0.14798797024147314	4.416121941538199
1208	4.0	9.478917984266245	5.119388359634336
1209	3.0	1.158006489624188	4.096491081284335
1210	2.0	1.1371560073752551	1.2621142151386096
1211	4.0	10.516847603540226	1.2991820845351216
1212	3.0	1.2193591919456064	4.5077670069409566
1213	2.0	1.1485495726548527	1.4100616492147255
1214	4.0	9.925088676549638	2.290761338377574
1215	3.0	1.1662465868357577	3.9973706449583184
1216	4.0	8.626907354974566	1.1907705149846497
1217	1.0	7.672646037956126	1.3498146805718618
1218	2.0	1.2011223409043927	0
1219	1.0	9.986604071415766	1.3523232468518953
1220	4.0	7.655243558732282	2.3539191468445395
1221	3.0	1.1986671352936253	4.699589134234403
1222	3.0	1.1016418762748652	6.813796436833621
1223	2.0	1.3977291521545894	1.366712964553922
1224	2.0	1.1727423300081163	1.3871258402810245
1225	1.0	8.897636280855462	3.660964247046806
1226	2.0	1.1383930137244904	1.1398879763306409
1227	4.0	10.249211081945505	2.3524800914611745
1228	2.0	1.1423359372635176	1.2752523433021277
1229	1.0	6.177875376757984	2.3819714315625236
1230	3.0	1.1956416769936176	3.9515129037836396
1231	1.0	8.91857941184911	1.2214033187929372
1232	4.0	8.859899264646335	1.1838183334951966
1233	2.0	1.3721675852057231	0.12179236099360162
1234	4.0	6.214349773691319	2.34871068227721
1235	2.0	1.2237057279258967	1.2245614396981959
1236	3.0	0.06453878997934592	6.211491159869532
1237	4.0	8.262842854720853	2.558328460474482
1238	2.0	1.1502073045878156	1.254970721851807
1239	1.0	10.36424157099476	1.2929381218554092
1240	3.0	1.234082782354453	3.6605123974588905
1241	2.0	1.2681691866463538	1.1883286386609617
1242	2.0	1.1689129654080366	0.11024748207619027
1243	1.0	12.224647843066597	2.3068008541112284
1244	4.0	8.874339911769388	1.2544409305046913
1245	3.0	1.1102049247601826	3.8983031567582405
1246	3.0	1.1511660619391337	4.84607088491194
1247	1.0	12.882880625563795	2.5794945622904146
1248	3.0	0.11723975564868151	2.6428996811439305
1249	4.0	8.282546156898551	2.5539919608142987
1250	1.0	11.060801547497574	2.529972347431276
1251	2.0	1.1791790203438592	1.2957602090589493
1252	2.0	1.235312756134602	1.283387644773623
1253	4.0	8.045265045196565	1.4126716282740277
1254	3.0	1.1179706350487906	5.537326498979667
1255	3.0	1.229219440198889	3.459675030278716
1256	1.0	5.639977427143212	2.38305714600541
1257	3.0	1.1424560480627795	2.458622270392583
1258	1.0	3.9366931300108936	1.2250361519500899
1259	1.0	9.020204030219022	1.3338305639910044
1260	3.0	1.205890992485821	2.6247711423307325
1261	1.0	6.6371096098884435	1.242046668315955
1262	1.0	6.625170508733356	1.2423960779281134
1263	1.0	4.828439825484644	1.2299213929093433
1264	1.0	6.563065643680355	1.1471859148345835
1265	1.0	10.428120541298584	2.53352484607578
1266	2.0	1.1552624107313785	0.11426231867495464
1267	4.0	5.372615675590945	2.4520217605793344
1268	4.0	2.564483626182638	2.2734633599411653
1269	2.0	1.140198495662337	0.15239490875981848
1270	1.0	9.224694787862179	1.2952146984522468
1271	4.0	4.875025848147033	2.3695672084166244
1272	2.0	1.2345074944089054	0.0991675695843967
1273	2.0	1.4825713873940911	1.2630920677784068
1274	1.0	9.900737661524703	2.3590584399336785
1275	2.0	1.1243868232303713	0
1276	1.0	9.170869508352125	1.2400518758399204
1277	3.0	1.2116100688792286	3.719111662330346
1278	1.0	13.619793009014813	2.43922970516651
1279	3.0	1.1907630933511635	2.536182438942655
1280	1.0	9.805405466818543	1.2371014686074764
1281	4.0	8.838519822647738	2.5208034206450964
1282	2.0	1.2672906091695806	0.13026830151544494
1283	4.0	4.6553539512326685	1.3577754014769516
1284	4.0	3.8745444698141616	2.5305995021907393
1285	3.0	1.2120059885459444	3.8694172358107815
1286	2.0	1.1839726781124278	1.3678728913450902
1287	4.0	8.630257607495302	1.1624749170868154
1288	3.0	1.1510519687656398	4.185796822183905
1289	2.0	1.3170231529096679	1.4023645427373523
1290	2.0	1.2937540563411944	1.4495469199230437
1291	2.0	1.0871975994174616	1.529894364595138
1292	3.0	1.1651533794285847	5.5042256482339935
1293	1.0	3.5695460143568196	1.203750986253263
1294	1.0	3.8424460331013988	1.298521915014563
1295	1.0	11.211803265218183	2.577086938264052
1296	2.0	1.1806429947528863	0.10483451231166552
1297	4.0	5.772454374362071	1.283466332527995
1298	3.0	1.117585587484415	2.6936990583481655
1299	2.0	1.2747538326996652	1.4764666392344745
1300	2.0	1.1842618110751584	0
1301	4.0	9.625203891943753	2.693633412303399
1302	3.0	1.2014589939044584	2.3155966262168404
1303	3.0	0.13042488195667673	3.5731801990528815
1304	4.0	6.59999861924427	3.3155497980403554
1305	1.0	10.450746696229626	1.3742388967761587
1306	3.0	1.305749037333	6.11785759648922
1307	3.0	1.1575783342434973	5.249574945077939
1308	3.0	1.3054614745501472	3.9004609032713597
1309	3.0	1.336302189831468	2.42283084804955
1310	1.0	11.915920480235117	1.199098619353432
1311	3.0	1.150751487610383	2.7709780338129506
1312	1.0	10.670700508394036	1.2851633896417423
1313	1.0	10.82887662824452	1.09738491716418
1314	2.0	1.298705931688834	1.3012469997435758
1315	2.0	1.2420055114542246	1.4179230587901916
1316	1.0	8.553353287369625	2.3928984031329743
1317	2.0	1.1397548245321598	0.08695968889225764
1318	4.0	7.349975486906386	2.410971034018768
1319	4.0	4.147145621721383	1.3372421898223104
1320	3.0	1.1843205173793918	2.58220659366681
1321	3.0	1.1731012045780245	3.907837104813271
1322	4.0	9.084831024920353	5.201830194306917
1323	3.0	1.2427969636329996	3.5995775650024115
1324	1.0	9.57918128083636	1.5221761316331779
1325	1.0	12.40256358768112	1.2088268583399928
1326	3.0	1.2241392656299668	2.6023951746435756
1327	3.0	1.2061908927648641	4.395611186462622
1328	4.0	9.135557604893922	3.619911920662917
1329	1.0	6.535056009271459	1.1986917620485966
1330	3.0	1.192025507117256	3.811228440979606
1331	2.0	1.2344705153725821	1.4087428641544986
1332	4.0	7.8883166982926	1.089527298177556
1333	3.0	1.2555352938397213	3.9815612059669925
1334	1.0	4.923767483085336	1.3106810906334228
1335	4.0	2.869410874423839	2.504327503177617
1336	4.0	4.963465674876021	1.3106457809817198
1337	4.0	2.7270985801581316	1.1983248354759901
1338	4.0	4.68098308441873	2.3844477106569073
1339	3.0	1.2502720079322533	3.6499421587380203
1340	3.0	1.2318552583302087	4.770924788375069
1341	2.0	1.2317153639631333	1.7756182708517727
1342	2.0	1.2350208033022898	1.2244814247606421
1343	4.0	6.723938347681861	2.5555624001792836
1344	3.0	1.1940235173439582	3.3818650653656572
1345	1.0	11.372610554407643	1.413816600092669
1346	3.0	1.1280773007676241	3.525492188234505
1347	2.0	1.1332511989927272	1.31158180074202
1348	1.0	9.698610080842004	1.5765190279694372
1349	3.0	1.211769391329942	3.7122239063306672
1350	3.0	1.190682312788467	3.8206936418877246
1351	4.0	8.370000723583395	3.5409896503524427
1352	4.0	7.0359587790854885	1.3897531821782567
1353	3.0	1.1396381368152795	3.7391243475800424
1354	1.0	12.489668733156218	1.3053627296173824
1355	4.0	7.188777768549925	1.2602574779213427
1356	3.0	1.1201082243097706	3.793928661126219
1357	1.0	11.858880377420787	2.4282891276897125
1358	2.0	1.1486281180265954	1.1908308419428757
1359	1.0	13.431324232890628	1.3598085841976015
1360	3.0	1.1551239553568766	4.50038329473321
1361	3.0	1.2269345164195333	3.55927127022987
1362	3.0	1.186607796528458	3.530342457831763
1363	3.0	1.2978192756126394	2.7047702810701812
1364	1.0	14.933225710244495	3.1050338173709617
1365	2.0	1.2194054258435405	1.1786502847722082
1366	1.0	13.76219877263642	3.907979234265425
1367	2.0	1.2041273453303525	1.476615445289973
1368	2.0	1.2660015607214796	1.2296936576355306
1369	4.0	7.160846853635697	2.2324895224565546
1370	1.0	9.301533636039624	2.3189528869296687
1371	2.0	1.1657896472158489	1.3496229242201672
1372	1.0	10.75967111594387	2.634541584363223
1373	2.0	1.109565472361037	1.1913919066811278
1374	1.0	10.996945368205113	1.3933696979987868
1375	3.0	1.2241534726584735	3.9005725033997822
1376	2.0	1.242473279093372	1.4213262001028206
1377	2.0	2.6790969552908197	2.6254468171720284
1378	2.0	1.406239901968737	1.357143413591772
1379	1.0	9.533009683668057	2.3180767125022967
1380	4.0	5.030385997386994	1.2194752128091397
1381	3.0	1.2455101004897629	4.899765136955748
1382	2.0	1.1605340391420793	1.1942106600291647
1383	4.0	7.446864495336016	2.1807939043508764
1384	3.0	1.2556193607035837	3.5896158732501906
1385	3.0	1.224090843563129	3.7659665059525986
1386	1.0	13.967190874230855	2.5717743909555493
1387	3.0	1.331017318335283	3.676355296258075
1388	2.0	1.303565588965059	1.5046509452455394
1389	2.0	1.2239117735793728	1.2495187869513074
1390	1.0	6.247926989851254	1.170511702419417
1391	1.0	6.737796845580335	2.3925333663191095
1392	3.0	0.10492231557019288	4.686213578745709
1393	4.0	9.461508118934345	1.2570806270568502
1394	4.0	5.884784994590646	2.5069165358578425
1395	2.0	1.175466711943261	1.2886252944284542
1396	2.0	1.2548163905521659	1.5027017555913242
1397	2.0	1.4211014248703802	1.1785889939746532
1398	2.0	1.3780542186486697	1.1803968843542465
1399	1.0	8.806158719549607	2.711223042681773
1400	4.0	6.076134300017406	2.507329886557615
1401	2.0	1.0976254937361765	0
1402	1.0	2.3845196797495656	1.2888427019257762
1403	1.0	2.3671562450820742	1.2299601235371136
1404	1.0	6.733941595129051	1.1243205800154026
1405	4.0	4.182946468993153	1.26008483246124
1406	3.0	1.2476069818502564	3.5279869012582603
1407	3.0	1.263195550637276	3.6473387292846073
1408	1.0	12.593891381946486	2.4287229266611776
1409	2.0	1.2496763753490063	1.226692034380273
1410	4.0	5.269505495735972	1.5231259290238417
1411	3.0	1.269887946779695	3.469286223745169
1412	2.0	1.2239726439655874	1.2703222828079193
1413	1.0	14.115213209991675	4.742382702181302
1414	2.0	1.4522161383008971	1.3806759941751494
1415	2.0	1.1603280957241042	1.1527477673542952
1416	2.0	1.4283435970774825	1.2929107144229082
1417	3.0	1.2199188844178823	4.657771656710513
1418	1.0	10.660986546401407	2.4566668958807534
1419	3.0	1.1837943948126248	4.053251099403695
1420	1.0	12.955718120046983	1.229975135843481
1421	3.0	1.200880051513273	2.30611647046708
1422	2.0	1.4666846336742927	1.2962421454439044
1423	2.0	1.5863266214793186	1.3370595408652795
1424	4.0	9.423150115428568	2.457294312304448
1425	3.0	1.197138983032403	4.92395519615097
1426	3.0	1.18349126182839	5.138025515010587
1427	2.0	1.4522326456468413	1.4623602211368545
1428	2.0	1.2652005400569895	0
1429	4.0	6.2911543077812295	1.168131512949582
1430	1.0	7.193145927540842	2.49709834797336
1431	2.0	0.15581349638837658	0.09179223160517049
1432	1.0	5.35399557176124	1.2703770497210662
1433	1.0	11.163595730308305	2.3106413691575294
1434	2.0	1.265208602411545	0.13548597235861365
1435	1.0	3.7219973066305316	1.1828978510266206
1436	1.0	6.014655709843978	1.3288159750358635
1437	3.0	1.0966021330494196	2.693786805956693
1438	4.0	9.703992604293576	2.4203453872030583
1439	4.0	6.318956329004787	1.28372882098355
1440	2.0	1.2070311746774292	1.2595204956924646
1441	4.0	9.673439718672865	1.3266014820620304
1442	2.0	1.3258000343427099	1.2761461287206348
1443	2.0	1.4203344892474248	1.1604436244001821
1444	1.0	9.255155228333784	1.451271077806791
1445	4.0	7.6423487751256305	1.3524316536780172
1446	2.0	1.1861355836305538	1.1892135048148091
1447	1.0	7.566820326177306	1.267358680629722
1448	1.0	8.823462808650717	1.284933840683604
1449	3.0	1.308457145633518	2.5529148675612148
1450	4.0	7.30338025064539	2.1958092025435145
1451	2.0	0.10652439098168409	1.7832816425224718
1452	2.0	1.3283691895716347	1.4389519590577742
1453	3.0	1.2196376264599322	5.105083733282726
1454	1.0	10.97175677223473	2.666091933044594
1455	2.0	1.150179118702847	1.2809233788901369
1456	3.0	1.2808469803898523	3.9289606271150443
1457	4.0	6.8932738668395865	2.4306673291481644
1458	2.0	1.1665248445936862	1.2480304250324301
1459	4.0	6.818043799785175	1.425256925743933
1460	3.0	1.2248488588044015	4.907357746643514
1461	3.0	1.3983498660335012	3.6838255031036464
1462	3.0	1.2098751458539656	3.2658221594398626
1463	2.0	1.2214680226734331	1.3082121718756727
1464	1.0	3.900506107522232	1.4256766017280103
1465	4.0	5.74255208093842	1.4362712430870792
1466	4.0	4.6425098815494925	1.2730266433068207
1467	4.0	6.163174912126641	1.2059290895483799
1468	3.0	1.3983022859095664	3.9131834636969307
1469	3.0	1.2600996959953947	3.4267275011641187
1470	1.0	10.232690899054788	2.3979517311399317
1471	3.0	1.2931962429633879	3.5511145785880633
1472	4.0	6.619483565543698	2.3675401588397262
1473	1.0	4.647115478836645	1.2729420608745834
1474	4.0	6.049031903632921	1.4002906747970558
1475	4.0	3.6016683391700886	1.3621088988762353
1476	3.0	1.115374500607953	2.421163465842528
1477	2.0	1.1422198237265508	1.1869769417028215
1478	4.0	10.84141880009033	2.369181198434871
1479	4.0	3.869112908832889	1.2115591044938785
1480	4.0	6.515416507554074	1.3257933335269372
1481	3.0	1.3699425191459582	3.839672381206442
1482	3.0	2.1803814838749798	3.7879956751859054
1483	3.0	1.2066910017981618	2.4413815768267697
1484	1.0	8.638118914972289	1.4035095239183144
1485	1.0	5.005177390496282	1.389889695685885
1486	1.0	7.032969129479595	1.287680009526448
1487	4.0	2.2678793601257174	1.196008525445166
1488	4.0	2.601989747338938	1.293032570609639
1489	3.0	1.150407618738207	2.496631539041513
1490	2.0	1.2501072801066977	1.3884169923697796
1491	4.0	6.217045531989553	1.2190314790214085
1492	1.0	13.61154573408774	5.022373540983078
1493	2.0	1.1942979304143027	1.4535853828655685
1494	2.0	1.314038493831291	1.4646019403365271
1495	4.0	5.74234830115502	1.267648664273854
1496	1.0	10.570606877421948	2.680375560061876
1497	4.0	5.911105409079709	2.3114367799645685
1498	3.0	0.08485486068718529	5.181486464109434
1499	3.0	1.2981448540281857	4.576235453970272
1500	2.0	1.1808597943487753	1.5249240802309747
1501	1.0	9.813286555743359	1.3755421274450854
1502	4.0	7.352483301580847	1.43407131269916
1503	3.0	0.17044859374342913	4.244505670398983
1504	4.0	8.519667525627929	2.4112054043280176
1505	2.0	1.3952208994906337	1.4853800711293907
1506	2.0	2.5171875312247507	1.5070684975142656
1507	2.0	1.326143563691787	1.1734433525412244
1508	2.0	1.4312645101243682	0.09956152427643447
1509	4.0	7.6241445577121985	2.5487261129229557
1510	4.0	2.5733278231841488	1.123028638457448
1511	1.0	7.413277575868858	2.520346390223368
1512	2.0	1.3440147892435097	1.1632066817191367
1513	2.0	1.2240726514715257	0.17039139409388915
1514	2.0	1.4789868203662848	2.507578460680477
1515	3.0	1.2187166552642703	5.239860133839409
1516	3.0	1.2372905132429963	3.8953961423093686
1517	3.0	1.2724712413676795	4.153397915810638
1518	1.0	4.7084789146201915	1.2806434673937974
1519	1.0	3.529970416080136	1.2039598808996772
1520	4.0	3.8164019676711898	1.1246549517768532
1521	4.0	4.172911577658585	1.1961550004954355
1522	3.0	1.2297114677072234	2.610198927910905
1523	1.0	13.064030428308474	3.736846125484618
1524	2.0	1.1713138025526004	1.3112930228045965
1525	2.0	1.257244938192518	1.1915563464973733
1526	4.0	6.173117094353608	2.4439237609439117
1527	3.0	1.458921558263092	3.4058818468561767
1528	4.0	10.14699697835641	2.433461642679949
1529	2.0	1.2964209651706693	1.7528480246069895
1530	2.0	1.474665173081697	1.2966213503764716
1531	2.0	1.278285605293013	1.2904637671317882
1532	1.0	10.643287206481059	2.5236290428991706
1533	3.0	1.253071901550791	5.025620293645445
1534	3.0	0.10891244701725489	4.015553967532142
1535	4.0	10.777822058991612	3.856525354265288
1536	3.0	1.1665632233465755	4.8368968708272
1537	4.0	5.8614956571821	1.3670691548315614
1538	1.0	7.59470853981915	1.265226557650748
1539	4.0	7.760447366679387	1.321267835044951
1540	3.0	1.2196972085335491	3.798190279814227
1541	1.0	12.775915483426454	2.4024785671665985
1542	3.0	0.10732872134254895	3.859587731191786
1543	2.0	1.3033304458239554	0.1426493519049123
1544	4.0	8.904562521136278	0.07336376301998052
1545	3.0	1.1856318105145958	4.150323772205503
1546	2.0	1.4971361719855174	1.4050788268967307
1547	4.0	5.986752386455441	1.3039837476768545
1548	1.0	8.65325350538318	1.5413475513292034
1549	3.0	1.1526379706036831	2.512238113201348
1550	1.0	9.79323034970303	1.2163607074047422
1551	3.0	1.239070463491146	2.502269473736041
1552	1.0	12.22934713157972	1.1294730041581207
1553	1.0	10.481348681494936	1.2518808507523025
1554	3.0	3.4619988544985487	2.971621062545548
1555	3.0	1.364905636038123	2.6613560634788533
1556	1.0	12.851760832948012	2.8644110534601763
1557	2.0	1.1713845185842358	1.3235291698067473
1558	4.0	4.014535995993324	1.2298472650592498
1559	1.0	9.372997791646277	3.69191070952988
1560	2.0	1.2441672831370862	1.2855116902400496
1561	2.0	1.2470792433521998	1.4335916002809608
1562	3.0	2.5129102071662364	7.665581544213524
1563	2.0	1.188757816462422	0.15115274241356272
1564	1.0	9.129338450345694	1.239055560902433
1565	4.0	6.969498656918541	1.3599714193078152
1566	3.0	1.2802258955355987	3.4878821368001587
1567	3.0	1.2218398173609462	2.576019409337996
1568	1.0	10.148493141200984	1.473902226927604
1569	3.0	1.3213383320275072	2.6984968104495315
1570	2.0	1.3653699597243258	1.836859883977921
1571	3.0	1.550422202641062	5.134560286281226
1572	2.0	2.601310668021666	1.4513624805131904
1573	2.0	1.1996564762809314	1.321293907211117
1574	2.0	1.3009673206373555	1.513146109176151
1575	1.0	7.084653831164472	2.4543745089541162
1576	3.0	0.168642655836669	2.8648791845383403
1577	1.0	7.428089876263656	1.1664013286112251
1578	1.0	13.014398962270242	1.1993838473531202
1579	3.0	1.3900233330163172	2.4823205266271287
1580	3.0	1.4539089447888345	4.4538500017969564
1581	2.0	1.2124308265559518	1.6071960664314533
1582	4.0	7.829316023427674	1.4693682348434052
1583	3.0	1.3877114263210528	3.920314360532565
1584	2.0	1.3397044261161424	3.0783672150635764
1585	2.0	2.9969080679010256	1.4623344688675495
1586	2.0	1.4238598728146326	0
1587	1.0	11.300994178953635	2.4389589294769594
1588	3.0	1.1715917801752882	2.502745077634033
1589	1.0	10.590847897535552	2.852215592335122
1590	3.0	1.47709212752823	5.131934829646095
1591	1.0	9.766989156412581	1.3266744744591408
1592	1.0	10.007575719711543	1.679268713905453
1593	3.0	0.13266177107851757	3.5425601533528948
1594	3.0	1.1911611417995152	4.156123693641162
1595	4.0	7.898284140882228	4.341093886891789
1596	2.0	1.329656943531806	0
1597	4.0	7.023370220308706	1.3419056531562767
1598	1.0	6.315470910212375	1.2648666516585898
1599	4.0	6.372535831209649	3.0024886301267832
1600	3.0	0.13808082566682833	4.533179734574869
1601	1.0	14.55354152520629	2.5485618682993456
1602	1.0	9.343822228573586	2.8190867857652155
1603	2.0	1.2646516356241309	1.5277165659815022
1604	4.0	7.879360874675363	1.4000801441622384
1605	2.0	1.2502684789706606	1.5565261737655176
1606	1.0	7.400144530429525	3.020336857668
1607	4.0	5.186079086689251	2.8919884088603416
1608	3.0	1.275052384162867	3.7032939821235833
1609	2.0	1.387613005496497	3.1377023077469213
1610	3.0	1.6154539538027433	4.155762728930194
1611	1.0	15.925990612030777	1.5817237356897724
1612	3.0	1.2425315481138335	4.7143987673240115
1613	2.0	1.428869511890153	1.657673640047017
1614	1.0	4.070852457584621	1.2599678767104487
1615	4.0	3.061657748243703	2.6248729022773136
1616	3.0	1.2451071653755839	3.3743137392026443
1617	4.0	7.560951972110785	3.3115648811861336
1618	4.0	5.196417634963427	1.6050277250766487
1619	3.0	1.6689157662361702	6.351149249710845
1620	3.0	1.4814875732918227	4.660356226793757
1621	2.0	1.4694956153657408	2.936092777654528
1622	1.0	6.436053498347948	1.4615733167415226
1623	3.0	0	3.1064718994276803
1624	4.0	6.509791762259185	2.6103257627746825
1625	3.0	1.3055647523161118	4.514460255746256
1626	3.0	1.4766390672168503	4.232577722404292
1627	1.0	7.12241324608969	1.538101289534489
1628	1.0	9.535961165046233	1.6092562311183898
1629	4.0	7.157950807071061	2.6350136517284644
1630	2.0	1.3692779558571833	0
1631	2.0	1.3702830136348518	0
1632	2.0	1.4309795662242029	0
1633	4.0	9.002198290072071	2.6497716980552664
1634	2.0	1.4924375862164576	1.7364717517867407
1635	4.0	8.382486860301505	2.992343365398642
1636	3.0	1.2875335097282572	3.41365376513991
1637	1.0	11.14553225705841	2.8971186549582244
1638	2.0	0	1.532461252040394
1639	2.0	1.788042424599747	3.7726644211521356
1640	3.0	1.4641251597316063	6.632731691160863
1641	3.0	1.3240465202523959	5.647042387020539
1642	2.0	0.18858098413780136	1.7758412052095784
1643	2.0	1.541448163172071	1.7646628087399248
1644	2.0	1.4572384882955873	1.877220512122079
1645	4.0	11.343489648593648	3.8549958722905693
1646	2.0	1.9054347889200383	1.9035569850007301
1647	2.0	1.5177820216399125	1.390788281226298
1648	4.0	13.067716501510834	2.6450512339779433
1649	4.0	6.671214930722416	3.33966924397089
1650	4.0	6.68271456391632	1.382467268901853
1651	3.0	0	4.210920412021926
1652	2.0	1.22647495381033	1.436517719008922
1653	4.0	8.502948902163588	1.71480292838234
1654	3.0	1.3875840612720263	4.64719457964134
1655	1.0	8.263154783421562	1.2454127578109897
1656	1.0	8.019670361607123	1.5578802806418413
1657	1.0	8.84675962076186	1.3935212122998735
1658	4.0	7.914890839018661	2.561394902573576
1659	2.0	0	0
1660	2.0	1.4157626881470355	1.5254065969091835
1661	1.0	19.691039800145443	6.777140848195921
1662	2.0	1.4238788762855585	0
1663	2.0	2.6094336929239086	1.862829168723722
1664	1.0	11.496515010638129	1.398652072961125
1665	1.0	14.248998304742946	3.2983356291332773
1666	3.0	3.7120329224346027	3.163606168558501
1667	2.0	1.4894338891677514	0
1668	2.0	1.2722664945383473	0
1669	4.0	12.987062606185683	3.885641212623328
1670	4.0	7.525185999433153	3.5130901521204465
1671	4.0	8.92253939075637	1.6818035884486593
1672	3.0	1.2938757562750594	4.369084251604434
1673	1.0	18.951379254732274	0
1674	1.0	11.307912429870441	1.301033643103729
1675	1.0	18.813177147905797	4.211445779784751
1676	2.0	1.5409552850698685	0
1677	1.0	8.828492196453432	1.6126662930506885
1678	1.0	7.938758486220761	0
1679	4.0	6.020345618620903	1.7621850389532716
1680	3.0	1.5995959546712544	4.0533182003754735
1681	4.0	14.943177931275272	3.4260376289725065
1682	4.0	7.181513305735062	0
1683	2.0	0	3.4392278428837995
1684	2.0	0	0
1685	1.0	21.758885921245444	1.731756033738971
1686	3.0	1.7069718043583453	2.9073104544481723
1687	3.0	1.558570324039649	5.854114702976968
1688	1.0	20.873809959537013	1.805373482196904
1689	1.0	20.7463692369895	3.5807383282987577
1690	4.0	6.5093131821987456	3.301224597969832
1691	2.0	1.434249223730506	3.69100853946292
1692	2.0	0	0
1693	1.0	26.86138546828552	3.778443413474107
1694	3.0	0	5.024518898054259
1695	4.0	5.488875551465633	3.0406052016988947
1696	1.0	20.77206678347471	3.362285741109723
1697	4.0	17.19016381759762	3.46681254369417
1698	2.0	0	0
1699	4.0	0	0
1700	2.0	2.192995792217136	0
1701	1.0	1.838844163231835	0
1702	3.0	3.61660226801524	3.0843928509834226
1703	1.0	5.232153239215947	3.5043298201657223
1704	2.0	2.499489886678136	0
