272.0	1.0	7.0	2.0
273.0	1.0	7.0	2.0
274.0	3.0	3.0	2.0
275.0	2.0	3.0	2.0
276.0	2.0	3.0	2.0
277.0	2.0	3.0	2.0
278.0	4.0	7.0	2.0
279.0	4.0	7.0	2.0
280.0	2.0	3.0	2.0
281.0	1.0	7.0	2.0
282.0	3.0	3.0	2.0
283.0	2.0	3.0	2.0
284.0	3.0	3.0	2.0
285.0	3.0	3.0	2.0
286.0	2.0	3.0	2.0
287.0	2.0	3.0	2.0
288.0	1.0	7.0	2.0
289.0	3.0	3.0	2.0
290.0	4.0	7.0	2.0
291.0	1.0	7.0	2.0
292.0	3.0	3.0	2.0
293.0	2.0	3.0	2.0
294.0	1.0	7.0	2.0
295.0	4.0	7.0	2.0
296.0	2.0	3.0	2.0
297.0	4.0	7.0	9.0
298.0	3.0	3.0	2.0
299.0	1.0	7.0	2.0
300.0	2.0	3.0	2.0
301.0	4.0	7.0	2.0
302.0	4.0	7.0	2.0
303.0	4.0	7.0	3.0
304.0	3.0	3.0	2.0
305.0	1.0	7.0	2.0
306.0	3.0	3.0	3.0
307.0	2.0	3.0	2.0
308.0	2.0	3.0	2.0
309.0	4.0	27.0	2.0
310.0	2.0	3.0	2.0
311.0	1.0	10.0	4.0
312.0	3.0	3.0	10.0
313.0	3.0	3.0	8.0
314.0	3.0	3.0	4.0
315.0	4.0	17.0	4.0
316.0	2.0	3.0	2.0
317.0	4.0	15.0	2.0
318.0	3.0	3.0	4.0
319.0	1.0	9.0	2.0
320.0	3.0	3.0	4.0
321.0	4.0	10.0	4.0
322.0	3.0	3.0	5.0
323.0	1.0	10.0	2.0
324.0	1.0	13.0	2.0
325.0	3.0	3.0	4.0
326.0	2.0	3.0	2.0
327.0	2.0	3.0	2.0
328.0	3.0	3.0	5.0
329.0	2.0	3.0	2.0
330.0	4.0	9.0	2.0
331.0	2.0	3.0	2.0
332.0	3.0	3.0	6.0
333.0	4.0	8.0	2.0
334.0	4.0	14.0	2.0
335.0	3.0	3.0	4.0
336.0	3.0	3.0	4.0
337.0	1.0	7.0	2.0
338.0	1.0	10.0	2.0
339.0	2.0	3.0	2.0
340.0	4.0	8.0	2.0
341.0	2.0	3.0	2.0
342.0	2.0	3.0	2.0
343.0	1.0	7.0	2.0
344.0	1.0	10.0	2.0
345.0	3.0	3.0	5.0
346.0	3.0	3.0	4.0
347.0	1.0	7.0	2.0
348.0	1.0	9.0	2.0
349.0	1.0	9.0	2.0
350.0	1.0	9.0	4.0
351.0	2.0	3.0	2.0
352.0	2.0	3.0	2.0
353.0	4.0	7.0	2.0
354.0	4.0	8.0	2.0
355.0	2.0	3.0	2.0
356.0	4.0	7.0	2.0
357.0	2.0	3.0	2.0
358.0	3.0	3.0	5.0
359.0	2.0	3.0	2.0
360.0	4.0	8.0	2.0
361.0	3.0	3.0	5.0
362.0	3.0	3.0	4.0
363.0	1.0	7.0	2.0
364.0	2.0	3.0	2.0
365.0	2.0	3.0	2.0
366.0	2.0	3.0	2.0
367.0	1.0	7.0	2.0
368.0	3.0	3.0	3.0
369.0	4.0	7.0	3.0
370.0	3.0	3.0	4.0
371.0	1.0	7.0	3.0
372.0	1.0	7.0	2.0
373.0	1.0	8.0	2.0
374.0	1.0	7.0	2.0
375.0	4.0	7.0	2.0
376.0	3.0	3.0	2.0
377.0	1.0	8.0	3.0
378.0	2.0	3.0	2.0
379.0	2.0	3.0	2.0
380.0	2.0	3.0	2.0
381.0	2.0	3.0	2.0
382.0	1.0	7.0	2.0
383.0	1.0	7.0	2.0
384.0	2.0	3.0	2.0
385.0	2.0	3.0	2.0
386.0	4.0	12.0	2.0
387.0	4.0	9.0	2.0
388.0	4.0	11.0	2.0
389.0	4.0	7.0	2.0
390.0	2.0	3.0	2.0
391.0	3.0	3.0	4.0
392.0	4.0	10.0	2.0
393.0	4.0	10.0	2.0
394.0	3.0	3.0	5.0
395.0	2.0	3.0	2.0
396.0	1.0	7.0	2.0
397.0	2.0	3.0	2.0
398.0	4.0	7.0	2.0
399.0	3.0	3.0	3.0
400.0	4.0	7.0	2.0
401.0	1.0	7.0	2.0
402.0	4.0	9.0	2.0
403.0	3.0	3.0	2.0
404.0	1.0	8.0	2.0
405.0	4.0	8.0	2.0
406.0	4.0	7.0	2.0
407.0	4.0	7.0	2.0
408.0	4.0	7.0	2.0
409.0	3.0	3.0	2.0
410.0	4.0	10.0	2.0
411.0	3.0	3.0	3.0
412.0	3.0	3.0	4.0
413.0	2.0	3.0	2.0
414.0	2.0	3.0	2.0
415.0	1.0	7.0	2.0
416.0	3.0	3.0	2.0
417.0	4.0	8.0	3.0
418.0	3.0	3.0	4.0
419.0	3.0	3.0	3.0
420.0	1.0	7.0	3.0
421.0	3.0	3.0	2.0
422.0	1.0	7.0	2.0
423.0	4.0	7.0	2.0
424.0	1.0	7.0	2.0
425.0	1.0	7.0	2.0
426.0	2.0	3.0	2.0
427.0	1.0	8.0	2.0
428.0	2.0	3.0	2.0
429.0	4.0	7.0	2.0
430.0	2.0	3.0	2.0
431.0	4.0	7.0	2.0
432.0	1.0	7.0	2.0
433.0	1.0	7.0	2.0
434.0	3.0	3.0	3.0
435.0	2.0	3.0	2.0
436.0	1.0	7.0	2.0
437.0	4.0	7.0	2.0
438.0	1.0	7.0	2.0
439.0	1.0	7.0	2.0
440.0	2.0	3.0	2.0
441.0	4.0	7.0	2.0
442.0	1.0	7.0	2.0
443.0	1.0	7.0	2.0
444.0	1.0	8.0	2.0
445.0	3.0	3.0	3.0
446.0	3.0	3.0	3.0
447.0	4.0	12.0	5.0
448.0	3.0	3.0	3.0
449.0	1.0	7.0	2.0
450.0	1.0	8.0	2.0
451.0	1.0	7.0	2.0
452.0	1.0	11.0	2.0
453.0	3.0	3.0	3.0
454.0	2.0	3.0	2.0
455.0	4.0	7.0	2.0
456.0	2.0	3.0	2.0
457.0	2.0	3.0	2.0
458.0	3.0	3.0	5.0
459.0	3.0	3.0	4.0
460.0	3.0	3.0	3.0
461.0	4.0	13.0	5.0
462.0	2.0	3.0	2.0
463.0	4.0	7.0	2.0
464.0	4.0	7.0	2.0
465.0	1.0	7.0	2.0
466.0	3.0	3.0	3.0
467.0	3.0	3.0	4.0
468.0	2.0	3.0	2.0
469.0	4.0	7.0	2.0
470.0	1.0	7.0	2.0
471.0	4.0	7.0	2.0
472.0	1.0	7.0	2.0
473.0	1.0	7.0	2.0
474.0	4.0	7.0	2.0
475.0	2.0	3.0	2.0
476.0	1.0	7.0	2.0
477.0	2.0	3.0	2.0
478.0	1.0	7.0	2.0
479.0	1.0	7.0	2.0
480.0	4.0	7.0	2.0
481.0	3.0	3.0	3.0
482.0	3.0	3.0	4.0
483.0	3.0	3.0	4.0
484.0	3.0	3.0	4.0
485.0	1.0	7.0	2.0
486.0	1.0	9.0	2.0
487.0	4.0	7.0	2.0
488.0	3.0	3.0	4.0
489.0	3.0	3.0	4.0
490.0	4.0	12.0	5.0
491.0	3.0	3.0	4.0
492.0	4.0	11.0	2.0
493.0	3.0	3.0	3.0
494.0	1.0	7.0	2.0
495.0	1.0	8.0	2.0
496.0	3.0	3.0	3.0
497.0	2.0	3.0	2.0
498.0	2.0	3.0	2.0
499.0	2.0	3.0	2.0
500.0	1.0	7.0	2.0
501.0	1.0	7.0	2.0
502.0	1.0	7.0	2.0
503.0	2.0	3.0	2.0
504.0	2.0	3.0	2.0
505.0	1.0	7.0	2.0
506.0	1.0	7.0	2.0
507.0	1.0	7.0	2.0
508.0	1.0	7.0	2.0
509.0	1.0	7.0	2.0
510.0	4.0	7.0	2.0
511.0	3.0	3.0	2.0
512.0	3.0	3.0	4.0
513.0	2.0	3.0	2.0
514.0	2.0	3.0	2.0
515.0	1.0	7.0	2.0
516.0	1.0	7.0	2.0
517.0	3.0	3.0	3.0
518.0	3.0	3.0	4.0
519.0	2.0	3.0	2.0
520.0	4.0	8.0	2.0
521.0	3.0	3.0	3.0
522.0	3.0	3.0	4.0
523.0	3.0	3.0	2.0
524.0	4.0	11.0	3.0
525.0	2.0	3.0	2.0
526.0	2.0	3.0	2.0
527.0	2.0	3.0	2.0
528.0	1.0	7.0	2.0
529.0	1.0	7.0	2.0
530.0	3.0	3.0	3.0
531.0	2.0	3.0	2.0
532.0	1.0	7.0	2.0
533.0	1.0	7.0	2.0
534.0	2.0	3.0	2.0
535.0	4.0	7.0	2.0
536.0	1.0	7.0	2.0
537.0	2.0	3.0	2.0
538.0	1.0	7.0	2.0
539.0	4.0	7.0	2.0
540.0	2.0	3.0	2.0
541.0	1.0	8.0	2.0
542.0	2.0	3.0	2.0
543.0	3.0	3.0	5.0
544.0	2.0	3.0	2.0
545.0	2.0	3.0	2.0
546.0	1.0	7.0	2.0
547.0	3.0	3.0	3.0
548.0	4.0	11.0	2.0
549.0	2.0	3.0	2.0
550.0	1.0	7.0	2.0
551.0	1.0	7.0	2.0
552.0	2.0	3.0	2.0
553.0	1.0	7.0	2.0
554.0	3.0	3.0	2.0
555.0	4.0	10.0	2.0
556.0	2.0	3.0	2.0
557.0	4.0	9.0	2.0
558.0	3.0	3.0	4.0
559.0	3.0	3.0	2.0
560.0	1.0	8.0	2.0
561.0	3.0	3.0	3.0
562.0	1.0	7.0	2.0
563.0	1.0	7.0	2.0
564.0	1.0	8.0	2.0
565.0	2.0	3.0	2.0
566.0	1.0	7.0	2.0
567.0	2.0	3.0	2.0
568.0	4.0	7.0	2.0
569.0	2.0	3.0	2.0
570.0	2.0	3.0	2.0
571.0	4.0	7.0	2.0
572.0	3.0	3.0	4.0
573.0	3.0	3.0	4.0
574.0	4.0	8.0	3.0
575.0	1.0	7.0	2.0
576.0	2.0	3.0	2.0
577.0	2.0	3.0	2.0
578.0	1.0	7.0	2.0
579.0	4.0	8.0	2.0
580.0	3.0	3.0	4.0
581.0	3.0	3.0	5.0
582.0	3.0	3.0	4.0
583.0	2.0	3.0	2.0
584.0	2.0	3.0	2.0
585.0	4.0	10.0	2.0
586.0	3.0	3.0	3.0
587.0	4.0	9.0	2.0
588.0	3.0	3.0	3.0
589.0	4.0	11.0	2.0
590.0	2.0	3.0	2.0
591.0	2.0	3.0	2.0
592.0	2.0	3.0	2.0
593.0	3.0	3.0	6.0
594.0	2.0	3.0	2.0
595.0	1.0	7.0	2.0
596.0	1.0	7.0	2.0
597.0	4.0	7.0	2.0
598.0	3.0	3.0	3.0
599.0	2.0	3.0	2.0
600.0	2.0	3.0	2.0
601.0	3.0	3.0	5.0
602.0	2.0	3.0	2.0
603.0	4.0	8.0	3.0
604.0	3.0	3.0	3.0
605.0	1.0	7.0	2.0
606.0	3.0	3.0	3.0
607.0	4.0	7.0	2.0
608.0	1.0	7.0	2.0
609.0	4.0	9.0	2.0
610.0	2.0	3.0	2.0
611.0	4.0	7.0	2.0
612.0	3.0	3.0	3.0
613.0	2.0	3.0	2.0
614.0	4.0	7.0	2.0
615.0	3.0	3.0	3.0
616.0	1.0	7.0	2.0
617.0	3.0	3.0	3.0
618.0	2.0	3.0	2.0
619.0	1.0	7.0	2.0
620.0	3.0	3.0	3.0
621.0	2.0	3.0	2.0
622.0	3.0	3.0	4.0
623.0	3.0	3.0	3.0
624.0	3.0	3.0	3.0
625.0	1.0	7.0	2.0
626.0	4.0	7.0	2.0
627.0	2.0	3.0	2.0
628.0	1.0	7.0	2.0
629.0	1.0	7.0	2.0
630.0	4.0	7.0	2.0
631.0	3.0	3.0	4.0
632.0	3.0	3.0	4.0
633.0	2.0	3.0	2.0
634.0	1.0	8.0	2.0
635.0	3.0	3.0	4.0
636.0	2.0	3.0	2.0
637.0	4.0	12.0	2.0
638.0	4.0	7.0	2.0
639.0	2.0	3.0	2.0
640.0	4.0	7.0	2.0
641.0	4.0	8.0	2.0
642.0	3.0	3.0	3.0
643.0	3.0	3.0	4.0
644.0	4.0	11.0	3.0
645.0	3.0	3.0	4.0
646.0	2.0	3.0	2.0
647.0	3.0	3.0	4.0
648.0	4.0	8.0	2.0
649.0	3.0	3.0	3.0
650.0	1.0	7.0	2.0
651.0	3.0	3.0	3.0
652.0	1.0	9.0	2.0
653.0	3.0	3.0	2.0
654.0	4.0	8.0	2.0
655.0	3.0	3.0	3.0
656.0	1.0	9.0	3.0
657.0	3.0	3.0	2.0
658.0	1.0	10.0	2.0
659.0	3.0	3.0	2.0
660.0	2.0	3.0	2.0
661.0	1.0	7.0	2.0
662.0	3.0	3.0	2.0
663.0	4.0	7.0	2.0
664.0	2.0	3.0	2.0
665.0	2.0	3.0	2.0
666.0	4.0	8.0	2.0
667.0	3.0	3.0	3.0
668.0	3.0	3.0	5.0
669.0	2.0	3.0	2.0
670.0	2.0	3.0	2.0
671.0	1.0	7.0	2.0
672.0	3.0	3.0	3.0
673.0	1.0	7.0	2.0
674.0	3.0	3.0	3.0
675.0	3.0	3.0	4.0
676.0	4.0	12.0	3.0
677.0	2.0	3.0	2.0
678.0	2.0	3.0	2.0
679.0	1.0	7.0	2.0
680.0	4.0	7.0	2.0
681.0	2.0	3.0	2.0
682.0	4.0	7.0	2.0
683.0	2.0	3.0	2.0
684.0	3.0	3.0	4.0
685.0	2.0	3.0	2.0
686.0	4.0	7.0	2.0
687.0	3.0	3.0	2.0
688.0	1.0	7.0	2.0
689.0	3.0	3.0	2.0
690.0	1.0	7.0	2.0
691.0	4.0	7.0	2.0
692.0	1.0	7.0	2.0
693.0	2.0	3.0	2.0
694.0	3.0	3.0	3.0
695.0	1.0	7.0	2.0
696.0	1.0	11.0	2.0
697.0	3.0	3.0	3.0
698.0	3.0	3.0	3.0
699.0	3.0	3.0	3.0
700.0	1.0	10.0	2.0
701.0	3.0	3.0	3.0
702.0	3.0	3.0	4.0
703.0	3.0	3.0	3.0
704.0	4.0	13.0	6.0
705.0	3.0	3.0	4.0
706.0	4.0	9.0	2.0
707.0	1.0	7.0	3.0
708.0	2.0	3.0	2.0
709.0	2.0	3.0	2.0
710.0	1.0	7.0	2.0
711.0	4.0	7.0	2.0
712.0	4.0	7.0	2.0
713.0	1.0	7.0	2.0
714.0	2.0	3.0	2.0
715.0	1.0	7.0	2.0
716.0	3.0	3.0	3.0
717.0	3.0	3.0	3.0
718.0	1.0	7.0	2.0
719.0	4.0	7.0	2.0
720.0	2.0	3.0	2.0
721.0	1.0	7.0	2.0
722.0	1.0	7.0	2.0
723.0	2.0	3.0	2.0
724.0	1.0	8.0	3.0
725.0	2.0	3.0	2.0
726.0	4.0	7.0	2.0
727.0	3.0	3.0	4.0
728.0	2.0	3.0	2.0
729.0	4.0	11.0	2.0
730.0	4.0	9.0	2.0
731.0	2.0	3.0	2.0
732.0	4.0	7.0	2.0
733.0	3.0	3.0	3.0
734.0	1.0	7.0	2.0
735.0	4.0	8.0	2.0
736.0	3.0	3.0	3.0
737.0	3.0	3.0	6.0
738.0	2.0	3.0	2.0
739.0	1.0	7.0	2.0
740.0	1.0	8.0	2.0
741.0	3.0	3.0	2.0
742.0	2.0	3.0	2.0
743.0	4.0	11.0	2.0
744.0	2.0	3.0	2.0
745.0	4.0	7.0	2.0
746.0	1.0	7.0	2.0
747.0	2.0	3.0	2.0
748.0	3.0	3.0	4.0
749.0	4.0	11.0	2.0
750.0	2.0	3.0	2.0
751.0	4.0	10.0	2.0
752.0	2.0	3.0	2.0
753.0	2.0	3.0	2.0
754.0	4.0	9.0	2.0
755.0	2.0	3.0	2.0
756.0	2.0	3.0	2.0
757.0	3.0	3.0	3.0
758.0	1.0	8.0	2.0
759.0	3.0	3.0	2.0
760.0	1.0	9.0	2.0
761.0	3.0	3.0	3.0
762.0	2.0	3.0	2.0
763.0	2.0	3.0	2.0
764.0	3.0	3.0	5.0
765.0	2.0	3.0	2.0
766.0	4.0	10.0	2.0
767.0	4.0	7.0	2.0
768.0	2.0	3.0	2.0
769.0	1.0	9.0	2.0
770.0	1.0	7.0	2.0
771.0	2.0	3.0	2.0
772.0	1.0	15.0	8.0
773.0	2.0	3.0	2.0
774.0	2.0	3.0	2.0
775.0	2.0	3.0	2.0
776.0	4.0	7.0	2.0
777.0	3.0	3.0	3.0
778.0	3.0	3.0	4.0
779.0	2.0	3.0	2.0
780.0	2.0	3.0	2.0
781.0	3.0	3.0	4.0
782.0	1.0	7.0	3.0
783.0	3.0	3.0	3.0
784.0	4.0	7.0	2.0
785.0	4.0	7.0	2.0
786.0	3.0	3.0	3.0
787.0	3.0	3.0	3.0
788.0	4.0	12.0	2.0
789.0	4.0	8.0	2.0
790.0	2.0	3.0	2.0
791.0	1.0	7.0	2.0
792.0	4.0	7.0	2.0
793.0	2.0	3.0	2.0
794.0	1.0	7.0	2.0
795.0	4.0	8.0	2.0
796.0	2.0	3.0	2.0
797.0	1.0	7.0	2.0
798.0	4.0	7.0	2.0
799.0	4.0	7.0	2.0
800.0	2.0	3.0	2.0
801.0	1.0	7.0	2.0
802.0	1.0	7.0	2.0
803.0	2.0	3.0	2.0
804.0	3.0	3.0	4.0
805.0	3.0	3.0	4.0
806.0	4.0	10.0	3.0
807.0	3.0	3.0	2.0
808.0	3.0	3.0	4.0
809.0	2.0	3.0	2.0
810.0	2.0	3.0	2.0
811.0	3.0	3.0	3.0
812.0	1.0	7.0	2.0
813.0	2.0	3.0	2.0
814.0	3.0	3.0	5.0
815.0	3.0	3.0	3.0
816.0	3.0	3.0	5.0
817.0	2.0	3.0	2.0
818.0	4.0	11.0	2.0
819.0	2.0	3.0	2.0
820.0	1.0	7.0	2.0
821.0	4.0	7.0	2.0
822.0	2.0	3.0	2.0
823.0	1.0	11.0	4.0
824.0	2.0	3.0	2.0
825.0	2.0	3.0	2.0
826.0	1.0	8.0	2.0
827.0	2.0	3.0	2.0
828.0	3.0	3.0	4.0
829.0	2.0	3.0	2.0
830.0	4.0	11.0	2.0
831.0	2.0	3.0	2.0
832.0	2.0	3.0	2.0
833.0	1.0	7.0	2.0
834.0	4.0	7.0	2.0
835.0	4.0	7.0	2.0
836.0	1.0	7.0	2.0
837.0	4.0	7.0	2.0
838.0	2.0	3.0	2.0
839.0	2.0	3.0	2.0
840.0	1.0	9.0	2.0
841.0	3.0	3.0	4.0
842.0	2.0	3.0	2.0
843.0	2.0	3.0	2.0
844.0	2.0	3.0	2.0
845.0	2.0	3.0	2.0
846.0	1.0	7.0	2.0
847.0	1.0	7.0	2.0
848.0	1.0	10.0	2.0
849.0	3.0	3.0	2.0
850.0	2.0	3.0	2.0
851.0	3.0	3.0	4.0
852.0	2.0	3.0	2.0
853.0	1.0	8.0	2.0
854.0	1.0	10.0	2.0
855.0	2.0	3.0	2.0
856.0	1.0	7.0	2.0
857.0	1.0	7.0	2.0
858.0	3.0	3.0	3.0
859.0	2.0	3.0	2.0
860.0	2.0	3.0	2.0
861.0	2.0	3.0	2.0
862.0	1.0	7.0	2.0
863.0	2.0	3.0	2.0
864.0	4.0	7.0	2.0
865.0	3.0	3.0	4.0
866.0	4.0	12.0	2.0
867.0	2.0	3.0	2.0
868.0	4.0	7.0	2.0
869.0	1.0	7.0	2.0
870.0	4.0	8.0	3.0
871.0	3.0	3.0	3.0
872.0	3.0	3.0	3.0
873.0	4.0	12.0	4.0
874.0	3.0	3.0	3.0
875.0	4.0	11.0	2.0
876.0	3.0	3.0	3.0
877.0	4.0	11.0	2.0
878.0	2.0	3.0	2.0
879.0	2.0	3.0	2.0
880.0	2.0	3.0	2.0
881.0	2.0	3.0	2.0
882.0	2.0	3.0	2.0
883.0	1.0	7.0	2.0
884.0	1.0	7.0	2.0
885.0	2.0	3.0	2.0
886.0	4.0	7.0	2.0
887.0	1.0	7.0	2.0
888.0	2.0	3.0	2.0
889.0	3.0	3.0	3.0
890.0	1.0	9.0	2.0
891.0	2.0	3.0	2.0
892.0	1.0	7.0	2.0
893.0	1.0	8.0	2.0
894.0	3.0	3.0	3.0
895.0	4.0	8.0	4.0
896.0	3.0	3.0	3.0
897.0	3.0	3.0	3.0
898.0	3.0	3.0	3.0
899.0	1.0	10.0	2.0
900.0	3.0	3.0	2.0
901.0	1.0	9.0	2.0
902.0	4.0	7.0	2.0
903.0	3.0	3.0	3.0
904.0	3.0	3.0	3.0
905.0	1.0	9.0	2.0
906.0	1.0	12.0	2.0
907.0	2.0	3.0	2.0
908.0	3.0	3.0	5.0
909.0	2.0	3.0	2.0
910.0	1.0	9.0	2.0
911.0	2.0	3.0	2.0
912.0	3.0	3.0	5.0
913.0	3.0	3.0	3.0
914.0	1.0	7.0	2.0
915.0	2.0	3.0	2.0
916.0	1.0	7.0	2.0
917.0	4.0	7.0	2.0
918.0	2.0	3.0	2.0
919.0	1.0	12.0	4.0
920.0	2.0	3.0	2.0
921.0	2.0	3.0	2.0
922.0	1.0	7.0	2.0
923.0	4.0	7.0	2.0
924.0	3.0	3.0	2.0
925.0	1.0	9.0	2.0
926.0	1.0	13.0	2.0
927.0	3.0	3.0	3.0
928.0	2.0	3.0	2.0
929.0	1.0	8.0	2.0
930.0	2.0	3.0	2.0
931.0	1.0	7.0	2.0
932.0	1.0	10.0	2.0
933.0	3.0	3.0	3.0
934.0	2.0	3.0	2.0
935.0	4.0	7.0	2.0
936.0	3.0	3.0	3.0
937.0	3.0	3.0	3.0
938.0	3.0	3.0	3.0
939.0	2.0	3.0	2.0
940.0	3.0	3.0	5.0
941.0	3.0	3.0	3.0
942.0	3.0	3.0	4.0
943.0	3.0	3.0	3.0
944.0	3.0	3.0	5.0
945.0	2.0	3.0	3.0
946.0	2.0	3.0	2.0
947.0	1.0	8.0	2.0
948.0	3.0	3.0	3.0
949.0	4.0	7.0	3.0
950.0	1.0	7.0	2.0
951.0	2.0	3.0	2.0
952.0	3.0	3.0	5.0
953.0	3.0	3.0	3.0
954.0	3.0	3.0	3.0
955.0	3.0	3.0	2.0
956.0	1.0	7.0	2.0
957.0	3.0	3.0	3.0
958.0	3.0	3.0	3.0
959.0	4.0	11.0	5.0
960.0	3.0	3.0	3.0
961.0	4.0	7.0	2.0
962.0	1.0	8.0	2.0
963.0	2.0	3.0	2.0
964.0	3.0	3.0	4.0
965.0	1.0	7.0	2.0
966.0	3.0	3.0	4.0
967.0	3.0	3.0	3.0
968.0	3.0	3.0	4.0
969.0	2.0	3.0	2.0
970.0	3.0	3.0	4.0
971.0	4.0	8.0	3.0
972.0	3.0	3.0	3.0
973.0	4.0	8.0	3.0
974.0	3.0	3.0	4.0
975.0	3.0	3.0	3.0
976.0	1.0	7.0	2.0
977.0	1.0	13.0	2.0
978.0	3.0	3.0	3.0
979.0	1.0	7.0	2.0
980.0	1.0	7.0	2.0
981.0	1.0	9.0	2.0
982.0	4.0	7.0	2.0
983.0	1.0	7.0	2.0
984.0	2.0	3.0	2.0
985.0	1.0	10.0	2.0
986.0	3.0	3.0	2.0
987.0	2.0	3.0	2.0
988.0	2.0	3.0	2.0
989.0	4.0	7.0	2.0
990.0	3.0	3.0	3.0
991.0	1.0	9.0	2.0
992.0	2.0	3.0	2.0
993.0	3.0	3.0	5.0
994.0	3.0	3.0	3.0
995.0	4.0	9.0	5.0
996.0	3.0	3.0	3.0
997.0	3.0	3.0	4.0
998.0	2.0	3.0	2.0
999.0	2.0	3.0	2.0
1000.0	3.0	3.0	5.0
1001.0	4.0	8.0	2.0
1002.0	3.0	3.0	3.0
1003.0	1.0	7.0	2.0
1004.0	1.0	11.0	2.0
1005.0	3.0	3.0	3.0
1006.0	1.0	11.0	2.0
1007.0	2.0	3.0	2.0
1008.0	2.0	3.0	2.0
1009.0	4.0	7.0	2.0
1010.0	4.0	7.0	2.0
1011.0	3.0	3.0	3.0
1012.0	1.0	7.0	2.0
1013.0	1.0	9.0	2.0
1014.0	3.0	3.0	3.0
1015.0	3.0	3.0	2.0
1016.0	1.0	12.0	2.0
1017.0	3.0	3.0	3.0
1018.0	3.0	3.0	3.0
1019.0	1.0	10.0	2.0
1020.0	2.0	3.0	2.0
1021.0	1.0	10.0	2.0
1022.0	2.0	3.0	2.0
1023.0	2.0	3.0	2.0
1024.0	1.0	8.0	2.0
1025.0	4.0	7.0	2.0
1026.0	3.0	3.0	4.0
1027.0	3.0	3.0	3.0
1028.0	1.0	9.0	2.0
1029.0	3.0	3.0	4.0
1030.0	3.0	3.0	3.0
1031.0	4.0	13.0	4.0
1032.0	3.0	3.0	3.0
1033.0	3.0	3.0	3.0
1034.0	1.0	7.0	2.0
1035.0	1.0	13.0	2.0
1036.0	3.0	3.0	2.0
1037.0	1.0	7.0	2.0
1038.0	3.0	3.0	3.0
1039.0	4.0	7.0	2.0
1040.0	4.0	7.0	2.0
1041.0	2.0	3.0	2.0
1042.0	4.0	7.0	2.0
1043.0	4.0	7.0	2.0
1044.0	3.0	3.0	3.0
1045.0	1.0	7.0	2.0
1046.0	1.0	7.0	2.0
1047.0	1.0	13.0	2.0
1048.0	3.0	3.0	2.0
1049.0	1.0	8.0	2.0
1050.0	1.0	10.0	2.0
1051.0	3.0	3.0	2.0
1052.0	2.0	3.0	2.0
1053.0	4.0	7.0	2.0
1054.0	3.0	3.0	4.0
1055.0	2.0	3.0	2.0
1056.0	1.0	10.0	2.0
1057.0	3.0	3.0	4.0
1058.0	4.0	11.0	3.0
1059.0	2.0	3.0	2.0
1060.0	1.0	8.0	2.0
1061.0	4.0	7.0	2.0
1062.0	3.0	3.0	2.0
1063.0	1.0	10.0	2.0
1064.0	1.0	7.0	2.0
1065.0	1.0	14.0	2.0
1066.0	3.0	3.0	3.0
1067.0	1.0	12.0	2.0
1068.0	3.0	3.0	2.0
1069.0	1.0	12.0	2.0
1070.0	4.0	7.0	3.0
1071.0	2.0	3.0	2.0
1072.0	1.0	7.0	2.0
1073.0	1.0	7.0	2.0
1074.0	1.0	10.0	2.0
1075.0	2.0	3.0	2.0
1076.0	1.0	13.0	8.0
1077.0	2.0	3.0	2.0
1078.0	2.0	3.0	2.0
1079.0	2.0	3.0	2.0
1080.0	4.0	7.0	2.0
1081.0	1.0	7.0	2.0
1082.0	1.0	7.0	3.0
1083.0	2.0	3.0	2.0
1084.0	2.0	3.0	2.0
1085.0	4.0	7.0	2.0
1086.0	3.0	3.0	4.0
1087.0	3.0	3.0	3.0
1088.0	4.0	9.0	3.0
1089.0	3.0	3.0	3.0
1090.0	2.0	3.0	2.0
1091.0	1.0	7.0	2.0
1092.0	3.0	3.0	4.0
1093.0	2.0	3.0	2.0
1094.0	4.0	7.0	2.0
1095.0	2.0	3.0	2.0
1096.0	2.0	3.0	2.0
1097.0	4.0	7.0	2.0
1098.0	4.0	7.0	2.0
1099.0	3.0	3.0	3.0
1100.0	3.0	3.0	3.0
1101.0	3.0	3.0	3.0
1102.0	3.0	3.0	3.0
1103.0	4.0	9.0	2.0
1104.0	2.0	3.0	2.0
1105.0	4.0	7.0	2.0
1106.0	3.0	3.0	4.0
1107.0	2.0	3.0	2.0
1108.0	1.0	8.0	4.0
1109.0	2.0	3.0	2.0
1110.0	2.0	3.0	2.0
1111.0	2.0	3.0	2.0
1112.0	3.0	3.0	5.0
1113.0	3.0	3.0	4.0
1114.0	3.0	3.0	3.0
1115.0	1.0	10.0	2.0
1116.0	3.0	3.0	4.0
1117.0	2.0	3.0	2.0
1118.0	2.0	3.0	2.0
1119.0	2.0	3.0	2.0
1120.0	2.0	3.0	2.0
1121.0	2.0	3.0	2.0
1122.0	3.0	3.0	3.0
1123.0	4.0	11.0	2.0
1124.0	4.0	7.0	2.0
1125.0	2.0	3.0	2.0
1126.0	4.0	7.0	2.0
1127.0	1.0	7.0	2.0
1128.0	4.0	7.0	2.0
1129.0	1.0	7.0	2.0
1130.0	4.0	8.0	2.0
1131.0	2.0	3.0	2.0
1132.0	1.0	7.0	2.0
1133.0	4.0	7.0	2.0
1134.0	2.0	3.0	2.0
1135.0	1.0	7.0	2.0
1136.0	2.0	3.0	2.0
1137.0	4.0	7.0	2.0
1138.0	3.0	3.0	2.0
1139.0	1.0	8.0	2.0
1140.0	3.0	3.0	4.0
1141.0	4.0	10.0	2.0
1142.0	4.0	7.0	2.0
1143.0	2.0	3.0	2.0
1144.0	1.0	9.0	2.0
1145.0	4.0	7.0	2.0
1146.0	3.0	3.0	3.0
1147.0	1.0	12.0	3.0
1148.0	2.0	3.0	2.0
1149.0	2.0	3.0	2.0
1150.0	4.0	7.0	2.0
1151.0	1.0	8.0	2.0
1152.0	2.0	3.0	2.0
1153.0	3.0	3.0	4.0
1154.0	3.0	3.0	3.0
1155.0	3.0	3.0	3.0
1156.0	1.0	7.0	2.0
1157.0	1.0	9.0	2.0
1158.0	2.0	3.0	2.0
1159.0	2.0	3.0	2.0
1160.0	4.0	7.0	2.0
1161.0	2.0	3.0	2.0
1162.0	2.0	3.0	2.0
1163.0	4.0	8.0	2.0
1164.0	3.0	3.0	4.0
1165.0	3.0	3.0	3.0
1166.0	1.0	8.0	2.0
1167.0	2.0	3.0	2.0
1168.0	4.0	7.0	2.0
1169.0	1.0	7.0	3.0
1170.0	2.0	3.0	2.0
1171.0	2.0	3.0	2.0
1172.0	4.0	7.0	2.0
1173.0	3.0	3.0	3.0
1174.0	1.0	9.0	2.0
1175.0	3.0	3.0	3.0
1176.0	3.0	3.0	3.0
1177.0	3.0	3.0	4.0
1178.0	1.0	11.0	2.0
1179.0	3.0	3.0	3.0
1180.0	4.0	7.0	2.0
1181.0	3.0	3.0	4.0
1182.0	2.0	3.0	2.0
1183.0	1.0	7.0	2.0
1184.0	1.0	11.0	2.0
1185.0	2.0	3.0	2.0
1186.0	2.0	3.0	2.0
1187.0	3.0	3.0	3.0
1188.0	3.0	3.0	4.0
1189.0	2.0	3.0	2.0
1190.0	1.0	9.0	2.0
1191.0	3.0	3.0	2.0
1192.0	3.0	3.0	3.0
1193.0	1.0	8.0	2.0
1194.0	3.0	3.0	2.0
1195.0	3.0	3.0	3.0
1196.0	4.0	10.0	5.0
1197.0	3.0	3.0	3.0
1198.0	1.0	10.0	2.0
1199.0	1.0	12.0	2.0
1200.0	2.0	3.0	2.0
1201.0	3.0	3.0	4.0
1202.0	2.0	3.0	2.0
1203.0	2.0	3.0	2.0
1204.0	3.0	3.0	4.0
1205.0	4.0	8.0	2.0
1206.0	3.0	3.0	3.0
1207.0	3.0	3.0	3.0
1208.0	4.0	8.0	4.0
1209.0	3.0	3.0	3.0
1210.0	2.0	3.0	2.0
1211.0	4.0	8.0	2.0
1212.0	3.0	3.0	4.0
1213.0	2.0	3.0	2.0
1214.0	4.0	8.0	2.0
1215.0	3.0	3.0	3.0
1216.0	4.0	7.0	2.0
1217.0	1.0	7.0	2.0
1218.0	2.0	3.0	2.0
1219.0	1.0	8.0	2.0
1220.0	4.0	7.0	2.0
1221.0	3.0	3.0	4.0
1222.0	3.0	3.0	5.0
1223.0	2.0	3.0	2.0
1224.0	2.0	3.0	2.0
1225.0	1.0	7.0	3.0
1226.0	2.0	3.0	2.0
1227.0	4.0	9.0	2.0
1228.0	2.0	3.0	2.0
1229.0	1.0	7.0	2.0
1230.0	3.0	3.0	3.0
1231.0	1.0	7.0	2.0
1232.0	4.0	7.0	2.0
1233.0	2.0	3.0	2.0
1234.0	4.0	7.0	2.0
1235.0	2.0	3.0	2.0
1236.0	3.0	3.0	4.0
1237.0	4.0	7.0	2.0
1238.0	2.0	3.0	2.0
1239.0	1.0	9.0	2.0
1240.0	3.0	3.0	3.0
1241.0	2.0	3.0	2.0
1242.0	2.0	3.0	2.0
1243.0	1.0	10.0	2.0
1244.0	4.0	8.0	2.0
1245.0	3.0	3.0	3.0
1246.0	3.0	3.0	4.0
1247.0	1.0	11.0	2.0
1248.0	3.0	3.0	2.0
1249.0	4.0	7.0	2.0
1250.0	1.0	9.0	2.0
1251.0	2.0	3.0	2.0
1252.0	2.0	3.0	2.0
1253.0	4.0	7.0	2.0
1254.0	3.0	3.0	4.0
1255.0	3.0	3.0	3.0
1256.0	1.0	7.0	2.0
1257.0	3.0	3.0	2.0
1258.0	1.0	7.0	2.0
1259.0	1.0	7.0	2.0
1260.0	3.0	3.0	2.0
1261.0	1.0	7.0	2.0
1262.0	1.0	7.0	2.0
1263.0	1.0	7.0	2.0
1264.0	1.0	7.0	2.0
1265.0	1.0	9.0	2.0
1266.0	2.0	3.0	2.0
1267.0	4.0	7.0	2.0
1268.0	4.0	7.0	2.0
1269.0	2.0	3.0	2.0
1270.0	1.0	8.0	2.0
1271.0	4.0	7.0	2.0
1272.0	2.0	3.0	2.0
1273.0	2.0	3.0	2.0
1274.0	1.0	9.0	2.0
1275.0	2.0	3.0	2.0
1276.0	1.0	8.0	2.0
1277.0	3.0	3.0	3.0
1278.0	1.0	11.0	2.0
1279.0	3.0	3.0	2.0
1280.0	1.0	8.0	2.0
1281.0	4.0	7.0	2.0
1282.0	2.0	3.0	2.0
1283.0	4.0	7.0	2.0
1284.0	4.0	7.0	2.0
1285.0	3.0	3.0	3.0
1286.0	2.0	3.0	2.0
1287.0	4.0	7.0	2.0
1288.0	3.0	3.0	3.0
1289.0	2.0	3.0	2.0
1290.0	2.0	3.0	2.0
1291.0	2.0	3.0	2.0
1292.0	3.0	3.0	4.0
1293.0	1.0	7.0	2.0
1294.0	1.0	7.0	2.0
1295.0	1.0	9.0	2.0
1296.0	2.0	3.0	2.0
1297.0	4.0	7.0	2.0
1298.0	3.0	3.0	2.0
1299.0	2.0	3.0	2.0
1300.0	2.0	3.0	2.0
1301.0	4.0	8.0	2.0
1302.0	3.0	3.0	2.0
1303.0	3.0	3.0	3.0
1304.0	4.0	7.0	3.0
1305.0	1.0	9.0	2.0
1306.0	3.0	3.0	5.0
1307.0	3.0	3.0	4.0
1308.0	3.0	3.0	3.0
1309.0	3.0	3.0	2.0
1310.0	1.0	10.0	2.0
1311.0	3.0	3.0	2.0
1312.0	1.0	9.0	2.0
1313.0	1.0	9.0	2.0
1314.0	2.0	3.0	2.0
1315.0	2.0	3.0	2.0
1316.0	1.0	8.0	2.0
1317.0	2.0	3.0	2.0
1318.0	4.0	7.0	2.0
1319.0	4.0	7.0	2.0
1320.0	3.0	3.0	2.0
1321.0	3.0	3.0	3.0
1322.0	4.0	8.0	4.0
1323.0	3.0	3.0	3.0
1324.0	1.0	8.0	2.0
1325.0	1.0	10.0	2.0
1326.0	3.0	3.0	2.0
1327.0	3.0	3.0	3.0
1328.0	4.0	8.0	3.0
1329.0	1.0	7.0	2.0
1330.0	3.0	3.0	3.0
1331.0	2.0	3.0	2.0
1332.0	4.0	7.0	2.0
1333.0	3.0	3.0	3.0
1334.0	1.0	7.0	2.0
1335.0	4.0	7.0	2.0
1336.0	4.0	7.0	2.0
1337.0	4.0	7.0	2.0
1338.0	4.0	7.0	2.0
1339.0	3.0	3.0	3.0
1340.0	3.0	3.0	4.0
1341.0	2.0	3.0	2.0
1342.0	2.0	3.0	2.0
1343.0	4.0	7.0	2.0
1344.0	3.0	3.0	3.0
1345.0	1.0	10.0	2.0
1346.0	3.0	3.0	3.0
1347.0	2.0	3.0	2.0
1348.0	1.0	7.0	2.0
1349.0	3.0	3.0	3.0
1350.0	3.0	3.0	3.0
1351.0	4.0	7.0	3.0
1352.0	4.0	7.0	2.0
1353.0	3.0	3.0	3.0
1354.0	1.0	10.0	2.0
1355.0	4.0	7.0	2.0
1356.0	3.0	3.0	3.0
1357.0	1.0	10.0	2.0
1358.0	2.0	3.0	2.0
1359.0	1.0	12.0	2.0
1360.0	3.0	3.0	3.0
1361.0	3.0	3.0	3.0
1362.0	3.0	3.0	3.0
1363.0	3.0	3.0	2.0
1364.0	1.0	12.0	2.0
1365.0	2.0	3.0	2.0
1366.0	1.0	12.0	3.0
1367.0	2.0	3.0	2.0
1368.0	2.0	3.0	2.0
1369.0	4.0	7.0	2.0
1370.0	1.0	8.0	2.0
1371.0	2.0	3.0	2.0
1372.0	1.0	9.0	2.0
1373.0	2.0	3.0	2.0
1374.0	1.0	9.0	2.0
1375.0	3.0	3.0	3.0
1376.0	2.0	3.0	2.0
1377.0	2.0	3.0	2.0
1378.0	2.0	3.0	2.0
1379.0	1.0	7.0	2.0
1380.0	4.0	7.0	2.0
1381.0	3.0	3.0	4.0
1382.0	2.0	3.0	2.0
1383.0	4.0	7.0	2.0
1384.0	3.0	3.0	3.0
1385.0	3.0	3.0	3.0
1386.0	1.0	12.0	2.0
1387.0	3.0	3.0	3.0
1388.0	2.0	3.0	2.0
1389.0	2.0	3.0	2.0
1390.0	1.0	7.0	2.0
1391.0	1.0	7.0	2.0
1392.0	3.0	3.0	3.0
1393.0	4.0	8.0	2.0
1394.0	4.0	7.0	2.0
1395.0	2.0	3.0	2.0
1396.0	2.0	3.0	2.0
1397.0	2.0	3.0	2.0
1398.0	2.0	3.0	2.0
1399.0	1.0	7.0	2.0
1400.0	4.0	7.0	2.0
1401.0	2.0	3.0	2.0
1402.0	1.0	7.0	2.0
1403.0	1.0	7.0	2.0
1404.0	1.0	7.0	2.0
1405.0	4.0	7.0	2.0
1406.0	3.0	3.0	3.0
1407.0	3.0	3.0	3.0
1408.0	1.0	10.0	2.0
1409.0	2.0	3.0	2.0
1410.0	4.0	7.0	2.0
1411.0	3.0	3.0	3.0
1412.0	2.0	3.0	2.0
1413.0	1.0	12.0	4.0
1414.0	2.0	3.0	2.0
1415.0	2.0	3.0	2.0
1416.0	2.0	3.0	2.0
1417.0	3.0	3.0	4.0
1418.0	1.0	9.0	2.0
1419.0	3.0	3.0	3.0
1420.0	1.0	11.0	2.0
1421.0	3.0	3.0	2.0
1422.0	2.0	3.0	2.0
1423.0	2.0	3.0	2.0
1424.0	4.0	8.0	2.0
1425.0	3.0	3.0	4.0
1426.0	3.0	3.0	4.0
1427.0	2.0	3.0	2.0
1428.0	2.0	3.0	2.0
1429.0	4.0	7.0	2.0
1430.0	1.0	7.0	2.0
1431.0	2.0	3.0	2.0
1432.0	1.0	7.0	2.0
1433.0	1.0	9.0	2.0
1434.0	2.0	3.0	2.0
1435.0	1.0	7.0	2.0
1436.0	1.0	7.0	2.0
1437.0	3.0	3.0	2.0
1438.0	4.0	8.0	2.0
1439.0	4.0	7.0	2.0
1440.0	2.0	3.0	2.0
1441.0	4.0	7.0	2.0
1442.0	2.0	3.0	2.0
1443.0	2.0	3.0	2.0
1444.0	1.0	7.0	2.0
1445.0	4.0	7.0	2.0
1446.0	2.0	3.0	2.0
1447.0	1.0	7.0	2.0
1448.0	1.0	7.0	2.0
1449.0	3.0	3.0	2.0
1450.0	4.0	7.0	2.0
1451.0	2.0	3.0	2.0
1452.0	2.0	3.0	2.0
1453.0	3.0	3.0	4.0
1454.0	1.0	9.0	2.0
1455.0	2.0	3.0	2.0
1456.0	3.0	3.0	3.0
1457.0	4.0	7.0	2.0
1458.0	2.0	3.0	2.0
1459.0	4.0	7.0	2.0
1460.0	3.0	3.0	4.0
1461.0	3.0	3.0	3.0
1462.0	3.0	3.0	3.0
1463.0	2.0	3.0	2.0
1464.0	1.0	7.0	2.0
1465.0	4.0	7.0	2.0
1466.0	4.0	7.0	2.0
1467.0	4.0	7.0	2.0
1468.0	3.0	3.0	3.0
1469.0	3.0	3.0	3.0
1470.0	1.0	9.0	2.0
1471.0	3.0	3.0	3.0
1472.0	4.0	7.0	2.0
1473.0	1.0	7.0	2.0
1474.0	4.0	7.0	2.0
1475.0	4.0	7.0	2.0
1476.0	3.0	3.0	2.0
1477.0	2.0	3.0	2.0
1478.0	4.0	9.0	2.0
1479.0	4.0	7.0	2.0
1480.0	4.0	7.0	2.0
1481.0	3.0	3.0	3.0
1482.0	3.0	3.0	3.0
1483.0	3.0	3.0	2.0
1484.0	1.0	7.0	2.0
1485.0	1.0	7.0	2.0
1486.0	1.0	7.0	2.0
1487.0	4.0	7.0	2.0
1488.0	4.0	7.0	2.0
1489.0	3.0	3.0	2.0
1490.0	2.0	3.0	2.0
1491.0	4.0	7.0	2.0
1492.0	1.0	12.0	4.0
1493.0	2.0	3.0	2.0
1494.0	2.0	3.0	2.0
1495.0	4.0	7.0	2.0
1496.0	1.0	8.0	2.0
1497.0	4.0	7.0	2.0
1498.0	3.0	3.0	3.0
1499.0	3.0	3.0	4.0
1500.0	2.0	3.0	2.0
1501.0	1.0	8.0	2.0
1502.0	4.0	7.0	2.0
1503.0	3.0	3.0	3.0
1504.0	4.0	8.0	2.0
1505.0	2.0	3.0	2.0
1506.0	2.0	3.0	2.0
1507.0	2.0	3.0	2.0
1508.0	2.0	3.0	2.0
1509.0	4.0	7.0	2.0
1510.0	4.0	7.0	2.0
1511.0	1.0	7.0	2.0
1512.0	2.0	3.0	2.0
1513.0	2.0	3.0	2.0
1514.0	2.0	3.0	2.0
1515.0	3.0	3.0	4.0
1516.0	3.0	3.0	3.0
1517.0	3.0	3.0	3.0
1518.0	1.0	7.0	2.0
1519.0	1.0	7.0	2.0
1520.0	4.0	7.0	2.0
1521.0	4.0	7.0	2.0
1522.0	3.0	3.0	2.0
1523.0	1.0	11.0	3.0
1524.0	2.0	3.0	2.0
1525.0	2.0	3.0	2.0
1526.0	4.0	7.0	2.0
1527.0	3.0	3.0	3.0
1528.0	4.0	8.0	2.0
1529.0	2.0	3.0	2.0
1530.0	2.0	3.0	2.0
1531.0	2.0	3.0	2.0
1532.0	1.0	9.0	2.0
1533.0	3.0	3.0	4.0
1534.0	3.0	3.0	3.0
1535.0	4.0	9.0	3.0
1536.0	3.0	3.0	3.0
1537.0	4.0	7.0	2.0
1538.0	1.0	7.0	2.0
1539.0	4.0	7.0	2.0
1540.0	3.0	3.0	3.0
1541.0	1.0	11.0	2.0
1542.0	3.0	3.0	3.0
1543.0	2.0	3.0	2.0
1544.0	4.0	7.0	2.0
1545.0	3.0	3.0	3.0
1546.0	2.0	3.0	2.0
1547.0	4.0	7.0	2.0
1548.0	1.0	7.0	2.0
1549.0	3.0	3.0	2.0
1550.0	1.0	7.0	2.0
1551.0	3.0	3.0	2.0
1552.0	1.0	10.0	2.0
1553.0	1.0	9.0	2.0
1554.0	3.0	3.0	2.0
1555.0	3.0	3.0	2.0
1556.0	1.0	11.0	2.0
1557.0	2.0	3.0	2.0
1558.0	4.0	7.0	2.0
1559.0	1.0	8.0	3.0
1560.0	2.0	3.0	2.0
1561.0	2.0	3.0	2.0
1562.0	3.0	3.0	6.0
1563.0	2.0	3.0	2.0
1564.0	1.0	7.0	2.0
1565.0	4.0	7.0	2.0
1566.0	3.0	3.0	3.0
1567.0	3.0	3.0	2.0
1568.0	1.0	8.0	2.0
1569.0	3.0	3.0	2.0
1570.0	2.0	3.0	2.0
1571.0	3.0	3.0	4.0
1572.0	2.0	3.0	2.0
1573.0	2.0	3.0	2.0
1574.0	2.0	3.0	2.0
1575.0	1.0	7.0	2.0
1576.0	3.0	3.0	2.0
1577.0	1.0	7.0	2.0
1578.0	1.0	11.0	2.0
1579.0	3.0	3.0	2.0
1580.0	3.0	3.0	3.0
1581.0	2.0	3.0	2.0
1582.0	4.0	7.0	2.0
1583.0	3.0	3.0	3.0
1584.0	2.0	3.0	2.0
1585.0	2.0	3.0	2.0
1586.0	2.0	3.0	2.0
1587.0	1.0	8.0	2.0
1588.0	3.0	3.0	2.0
1589.0	1.0	8.0	2.0
1590.0	3.0	3.0	3.0
1591.0	1.0	7.0	2.0
1592.0	1.0	8.0	2.0
1593.0	3.0	3.0	3.0
1594.0	3.0	3.0	3.0
1595.0	4.0	7.0	3.0
1596.0	2.0	3.0	2.0
1597.0	4.0	7.0	2.0
1598.0	1.0	7.0	2.0
1599.0	4.0	7.0	2.0
1600.0	3.0	3.0	3.0
1601.0	1.0	11.0	2.0
1602.0	1.0	8.0	2.0
1603.0	2.0	3.0	2.0
1604.0	4.0	7.0	2.0
1605.0	2.0	3.0	2.0
1606.0	1.0	7.0	2.0
1607.0	4.0	7.0	2.0
1608.0	3.0	3.0	3.0
1609.0	2.0	3.0	2.0
1610.0	3.0	3.0	3.0
1611.0	1.0	13.0	2.0
1612.0	3.0	3.0	3.0
1613.0	2.0	3.0	2.0
1614.0	1.0	7.0	2.0
1615.0	4.0	7.0	2.0
1616.0	3.0	3.0	2.0
1617.0	4.0	7.0	3.0
1618.0	4.0	7.0	2.0
1619.0	3.0	3.0	4.0
1620.0	3.0	3.0	3.0
1621.0	2.0	3.0	2.0
1622.0	1.0	7.0	2.0
1623.0	3.0	3.0	2.0
1624.0	4.0	7.0	2.0
1625.0	3.0	3.0	3.0
1626.0	3.0	3.0	3.0
1627.0	1.0	7.0	2.0
1628.0	1.0	7.0	2.0
1629.0	4.0	7.0	2.0
1630.0	2.0	3.0	2.0
1631.0	2.0	3.0	2.0
1632.0	2.0	3.0	2.0
1633.0	4.0	7.0	2.0
1634.0	2.0	3.0	2.0
1635.0	4.0	7.0	2.0
1636.0	3.0	3.0	3.0
1637.0	1.0	9.0	2.0
1638.0	2.0	3.0	2.0
1639.0	2.0	3.0	2.0
1640.0	3.0	3.0	5.0
1641.0	3.0	3.0	4.0
1642.0	2.0	3.0	2.0
1643.0	2.0	3.0	2.0
1644.0	2.0	3.0	2.0
1645.0	4.0	9.0	3.0
1646.0	2.0	3.0	2.0
1647.0	2.0	3.0	2.0
1648.0	4.0	9.0	2.0
1649.0	4.0	7.0	2.0
1650.0	4.0	7.0	2.0
1651.0	3.0	3.0	3.0
1652.0	2.0	3.0	2.0
1653.0	4.0	7.0	2.0
1654.0	3.0	3.0	3.0
1655.0	1.0	7.0	2.0
1656.0	1.0	7.0	2.0
1657.0	1.0	7.0	2.0
1658.0	4.0	7.0	2.0
1659.0	2.0	3.0	2.0
1660.0	2.0	3.0	2.0
1661.0	1.0	13.0	5.0
1662.0	2.0	3.0	2.0
1663.0	2.0	3.0	2.0
1664.0	1.0	10.0	2.0
1665.0	1.0	10.0	2.0
1666.0	3.0	3.0	2.0
1667.0	2.0	3.0	2.0
1668.0	2.0	3.0	2.0
1669.0	4.0	10.0	2.0
1670.0	4.0	7.0	2.0
1671.0	4.0	7.0	2.0
1672.0	3.0	3.0	3.0
1673.0	1.0	15.0	2.0
1674.0	1.0	8.0	2.0
1675.0	1.0	14.0	3.0
1676.0	2.0	3.0	2.0
1677.0	1.0	7.0	2.0
1678.0	1.0	7.0	2.0
1679.0	4.0	7.0	2.0
1680.0	3.0	3.0	3.0
1681.0	4.0	10.0	2.0
1682.0	4.0	7.0	2.0
1683.0	2.0	3.0	2.0
1684.0	2.0	3.0	2.0
1685.0	1.0	14.0	2.0
1686.0	3.0	3.0	2.0
1687.0	3.0	3.0	4.0
1688.0	1.0	14.0	2.0
1689.0	1.0	12.0	2.0
1690.0	4.0	7.0	2.0
1691.0	2.0	3.0	2.0
1692.0	2.0	3.0	2.0
1693.0	1.0	16.0	2.0
1694.0	3.0	3.0	3.0
1695.0	4.0	7.0	2.0
1696.0	1.0	15.0	2.0
1697.0	4.0	12.0	2.0
1698.0	2.0	3.0	2.0
1699.0	4.0	7.0	2.0
1700.0	2.0	3.0	2.0
1701.0	1.0	7.0	2.0
1702.0	3.0	3.0	2.0
1703.0	1.0	7.0	2.0
1704.0	2.0	3.0	2.0
