272.0	1.0	49.42556949380793	13.289164742608715
273.0	1.0	49.42556949380793	13.289164742608715
274.0	3.0	18.44361185186995	13.289164742608715
275.0	2.0	18.674545088038823	13.289164742608715
276.0	2.0	18.674545088038823	13.289164742608715
277.0	2.0	18.674545088038823	13.289164742608715
278.0	4.0	49.09575564362135	13.289164742608715
279.0	4.0	49.09575564362135	13.289164742608715
280.0	2.0	18.674545088038823	13.289164742608715
281.0	1.0	49.42556949380793	13.289164742608715
282.0	3.0	18.44361185186995	13.289164742608715
283.0	2.0	18.674545088038823	13.289164742608715
284.0	3.0	18.44361185186995	13.289164742608715
285.0	3.0	18.44361185186995	13.289164742608715
286.0	2.0	18.674545088038823	13.289164742608715
287.0	2.0	18.674545088038823	13.289164742608715
288.0	1.0	49.42556949380793	13.289164742608715
289.0	3.0	18.44361185186995	13.289164742608715
290.0	4.0	49.09575564362135	13.289164742608715
291.0	1.0	49.42556949380793	13.289164742608715
292.0	3.0	18.44361185186995	13.289164742608715
293.0	2.0	18.674545088038823	13.289164742608715
294.0	1.0	49.42556949380793	13.289164742608715
295.0	4.0	49.09575564362135	13.289164742608715
296.0	2.0	18.674545088038823	13.289164742608715
297.0	4.0	49.09575564362135	158.7248426236936
298.0	3.0	18.44361185186995	13.289164742608715
299.0	1.0	49.42556949380793	13.289164742608715
300.0	2.0	18.674545088038823	13.289164742608715
301.0	4.0	49.09575564362135	13.289164742608715
302.0	4.0	49.09575564362135	13.289164742608715
303.0	4.0	49.09575564362135	39.539650250367444
304.0	3.0	18.44361185186995	13.289164742608715
305.0	1.0	49.42556949380793	13.289164742608715
306.0	3.0	18.44361185186995	28.22534745567217
307.0	2.0	18.674545088038823	13.289164742608715
308.0	2.0	18.674545088038823	13.289164742608715
309.0	4.0	230.34828146005097	13.289164742608715
310.0	2.0	18.674545088038823	20.378228414883175
311.0	1.0	88.71054451811617	42.63465702002756
312.0	3.0	18.773459167580437	89.5847523967104
313.0	3.0	18.44361185186995	57.84317431763603
314.0	3.0	18.44361185186995	39.45077989939336
315.0	4.0	110.37081306771326	34.986476430850054
316.0	2.0	18.674545088038823	13.289164742608715
317.0	4.0	115.41996638898617	13.289164742608715
318.0	3.0	18.44361185186995	33.452205426163594
319.0	1.0	65.49866389841239	15.189512157399163
320.0	3.0	18.44361185186995	31.66059693284124
321.0	4.0	73.41206194342227	33.152637610325144
322.0	3.0	18.44361185186995	38.92697111227435
323.0	1.0	72.12688503515659	15.154045988339584
324.0	1.0	87.45875777054607	13.358069344686845
325.0	3.0	20.94562833287246	32.974026782688
326.0	2.0	18.674545088038823	13.289164742608715
327.0	2.0	18.674545088038823	13.289164742608715
328.0	3.0	18.82627268825178	40.63844593549497
329.0	2.0	18.674545088038823	13.289164742608715
330.0	4.0	57.725501876926735	13.289164742608715
331.0	2.0	18.674545088038823	13.289164742608715
332.0	3.0	18.44361185186995	45.66226593556891
333.0	4.0	53.79905585026986	13.289164742608715
334.0	4.0	87.19304543792212	13.289164742608715
335.0	3.0	18.44361185186995	27.4754525381484
336.0	3.0	18.44361185186995	31.35241266390706
337.0	1.0	49.42556949380793	18.35208734492039
338.0	1.0	77.57620927051624	13.289164742608715
339.0	2.0	18.674545088038823	13.289164742608715
340.0	4.0	55.3815528260661	13.289164742608715
341.0	2.0	18.674545088038823	13.289164742608715
342.0	2.0	18.674545088038823	19.068277982725252
343.0	1.0	49.42556949380793	13.289164742608715
344.0	1.0	72.48348906685118	13.992192644599331
345.0	3.0	18.44361185186995	38.12054161732503
346.0	3.0	18.44361185186995	26.799867398876277
347.0	1.0	49.42556949380793	17.215595262986277
348.0	1.0	58.04700515654007	13.289164742608715
349.0	1.0	60.980316441525005	13.289164742608715
350.0	1.0	54.180431070367526	32.729122227927846
351.0	2.0	18.674545088038823	13.289164742608715
352.0	2.0	18.674545088038823	13.289164742608715
353.0	4.0	49.09575564362135	13.289164742608715
354.0	4.0	55.48217353735282	13.289164742608715
355.0	2.0	18.674545088038823	13.289164742608715
356.0	4.0	49.09575564362135	14.666245703280234
357.0	2.0	18.674545088038823	13.289164742608715
358.0	3.0	18.44361185186995	31.468475000922027
359.0	2.0	18.674545088038823	13.289164742608715
360.0	4.0	56.52712399441556	16.897354849286128
361.0	3.0	18.44361185186995	34.83149905437789
362.0	3.0	18.44361185186995	29.399671828624744
363.0	1.0	49.42556949380793	13.289164742608715
364.0	2.0	18.674545088038823	13.289164742608715
365.0	2.0	18.674545088038823	13.289164742608715
366.0	2.0	18.674545088038823	16.935984554743392
367.0	1.0	49.42556949380793	14.017636121995388
368.0	3.0	18.44361185186995	26.926211795431104
369.0	4.0	49.09575564362135	23.198214571386337
370.0	3.0	18.44361185186995	26.32693693748987
371.0	1.0	49.42556949380793	19.99993645513034
372.0	1.0	49.42556949380793	14.476074082065796
373.0	1.0	54.219670108541756	13.966940269164871
374.0	1.0	49.42556949380793	17.14024409620872
375.0	4.0	49.09575564362135	13.289164742608715
376.0	3.0	18.44361185186995	16.608814258179766
377.0	1.0	56.019625257970134	22.206929401016346
378.0	2.0	18.674545088038823	13.289164742608715
379.0	2.0	18.674545088038823	13.289164742608715
380.0	2.0	18.674545088038823	13.289164742608715
381.0	2.0	18.674545088038823	13.289164742608715
382.0	1.0	49.42556949380793	13.289164742608715
383.0	1.0	49.42556949380793	13.289164742608715
384.0	2.0	18.674545088038823	13.289164742608715
385.0	2.0	18.674545088038823	13.289164742608715
386.0	4.0	88.39072405756399	13.289164742608715
387.0	4.0	59.44675659393816	13.289164742608715
388.0	4.0	81.32546041843736	13.289164742608715
389.0	4.0	49.09575564362135	13.289164742608715
390.0	2.0	18.674545088038823	13.289164742608715
391.0	3.0	18.44361185186995	31.341244642148954
392.0	4.0	60.997057897079486	13.289164742608715
393.0	4.0	70.04601900480233	13.289164742608715
394.0	3.0	18.44361185186995	31.23408845741013
395.0	2.0	18.674545088038823	13.289164742608715
396.0	1.0	49.42556949380793	14.975248071286074
397.0	2.0	18.674545088038823	13.289164742608715
398.0	4.0	50.17423806941803	13.849554406766458
399.0	3.0	18.44361185186995	21.50320916367874
400.0	4.0	49.09575564362135	13.289164742608715
401.0	1.0	49.42556949380793	13.289164742608715
402.0	4.0	55.73968798771892	13.289164742608715
403.0	3.0	18.44361185186995	15.597584668773923
404.0	1.0	52.397874779799196	13.289164742608715
405.0	4.0	55.31463204247395	13.289164742608715
406.0	4.0	49.09575564362135	13.289164742608715
407.0	4.0	49.09575564362135	13.289164742608715
408.0	4.0	49.09575564362135	13.289164742608715
409.0	3.0	18.44361185186995	13.289164742608715
410.0	4.0	59.14400011520737	13.289164742608715
411.0	3.0	18.44361185186995	20.602350735085082
412.0	3.0	18.44361185186995	28.330060227934336
413.0	2.0	18.674545088038823	13.289164742608715
414.0	2.0	18.674545088038823	13.289164742608715
415.0	1.0	49.42556949380793	13.289164742608715
416.0	3.0	18.44361185186995	14.75975339252452
417.0	4.0	53.60836433050113	20.407215940231023
418.0	3.0	18.44361185186995	35.57421364041258
419.0	3.0	18.44361185186995	23.330230821092197
420.0	1.0	49.42556949380793	20.33107350708074
421.0	3.0	18.44361185186995	13.750316413726173
422.0	1.0	49.42556949380793	13.289164742608715
423.0	4.0	49.09575564362135	13.289164742608715
424.0	1.0	49.42556949380793	13.289164742608715
425.0	1.0	49.42556949380793	13.289164742608715
426.0	2.0	18.674545088038823	13.289164742608715
427.0	1.0	52.86884105835022	13.440863686591317
428.0	2.0	18.674545088038823	13.289164742608715
429.0	4.0	49.09575564362135	13.289164742608715
430.0	2.0	18.674545088038823	13.289164742608715
431.0	4.0	49.09575564362135	13.289164742608715
432.0	1.0	49.42556949380793	13.289164742608715
433.0	1.0	49.42556949380793	13.289164742608715
434.0	3.0	18.44361185186995	19.937932718439026
435.0	2.0	18.674545088038823	13.289164742608715
436.0	1.0	49.42556949380793	13.289164742608715
437.0	4.0	49.09575564362135	13.289164742608715
438.0	1.0	49.42556949380793	13.289164742608715
439.0	1.0	49.42556949380793	13.289164742608715
440.0	2.0	18.674545088038823	13.289164742608715
441.0	4.0	49.09575564362135	16.45482676511012
442.0	1.0	49.42556949380793	13.289164742608715
443.0	1.0	49.42556949380793	13.289164742608715
444.0	1.0	50.01334466149458	13.289164742608715
445.0	3.0	18.44361185186995	17.89785502821036
446.0	3.0	18.44361185186995	17.463035803834998
447.0	4.0	76.58088347176133	31.52844982992597
448.0	3.0	18.44361185186995	22.74096898228109
449.0	1.0	49.42556949380793	13.289164742608715
450.0	1.0	49.42556949380793	13.289164742608715
451.0	1.0	49.42556949380793	13.289164742608715
452.0	1.0	71.13382834485037	13.289164742608715
453.0	3.0	18.44361185186995	19.743418509732034
454.0	2.0	18.674545088038823	13.289164742608715
455.0	4.0	49.09575564362135	13.289164742608715
456.0	2.0	18.674545088038823	13.289164742608715
457.0	2.0	18.674545088038823	13.289164742608715
458.0	3.0	18.44361185186995	29.231264171155786
459.0	3.0	18.44361185186995	28.176359685316243
460.0	3.0	18.44361185186995	20.608306393433452
461.0	4.0	76.76953354713457	31.899893945534693
462.0	2.0	18.674545088038823	13.289164742608715
463.0	4.0	49.09575564362135	13.289164742608715
464.0	4.0	49.09575564362135	13.289164742608715
465.0	1.0	49.42556949380793	13.289164742608715
466.0	3.0	18.44361185186995	19.64606583330698
467.0	3.0	18.44361185186995	24.97726478563863
468.0	2.0	18.674545088038823	13.289164742608715
469.0	4.0	49.09575564362135	13.289164742608715
470.0	1.0	49.42556949380793	13.727549939900875
471.0	4.0	49.09575564362135	13.289164742608715
472.0	1.0	49.42556949380793	13.289164742608715
473.0	1.0	49.42556949380793	13.289164742608715
474.0	4.0	49.09575564362135	13.289164742608715
475.0	2.0	18.674545088038823	13.289164742608715
476.0	1.0	49.42556949380793	13.289164742608715
477.0	2.0	18.674545088038823	13.289164742608715
478.0	1.0	49.42556949380793	13.289164742608715
479.0	1.0	49.42556949380793	13.289164742608715
480.0	4.0	49.09575564362135	13.289164742608715
481.0	3.0	18.44361185186995	16.5940289721909
482.0	3.0	18.44361185186995	24.300624813332185
483.0	3.0	18.44361185186995	23.584708385884873
484.0	3.0	18.44361185186995	24.301228419890958
485.0	1.0	49.42556949380793	13.289164742608715
486.0	1.0	51.58468808536629	13.289164742608715
487.0	4.0	49.09575564362135	13.289164742608715
488.0	3.0	18.44361185186995	23.747188901599703
489.0	3.0	18.44361185186995	23.289608634874664
490.0	4.0	69.06499684266487	27.362011704567884
491.0	3.0	18.44361185186995	24.039391009798067
492.0	4.0	63.4808103397906	13.289164742608715
493.0	3.0	18.44361185186995	19.275001178750998
494.0	1.0	49.42556949380793	13.289164742608715
495.0	1.0	49.42556949380793	13.289164742608715
496.0	3.0	18.44361185186995	18.1493809755476
497.0	2.0	18.674545088038823	13.289164742608715
498.0	2.0	18.674545088038823	13.289164742608715
499.0	2.0	18.674545088038823	13.289164742608715
500.0	1.0	49.42556949380793	13.289164742608715
501.0	1.0	49.42556949380793	13.289164742608715
502.0	1.0	49.42556949380793	14.575741415992294
503.0	2.0	18.674545088038823	13.289164742608715
504.0	2.0	18.674545088038823	13.289164742608715
505.0	1.0	49.42556949380793	13.289164742608715
506.0	1.0	49.42556949380793	13.289164742608715
507.0	1.0	49.42556949380793	13.289164742608715
508.0	1.0	49.42556949380793	13.289164742608715
509.0	1.0	49.42556949380793	13.289164742608715
510.0	4.0	49.09575564362135	13.289164742608715
511.0	3.0	18.44361185186995	13.74767266589567
512.0	3.0	18.44361185186995	22.898711069023676
513.0	2.0	18.674545088038823	13.289164742608715
514.0	2.0	18.674545088038823	13.289164742608715
515.0	1.0	49.42556949380793	13.289164742608715
516.0	1.0	49.42556949380793	13.289164742608715
517.0	3.0	18.44361185186995	19.52602176122158
518.0	3.0	18.44361185186995	24.230619899465626
519.0	2.0	18.674545088038823	13.289164742608715
520.0	4.0	49.09575564362135	13.289164742608715
521.0	3.0	18.44361185186995	21.09440082154893
522.0	3.0	18.44361185186995	26.212451723830682
523.0	3.0	18.44361185186995	13.406184500066466
524.0	4.0	70.21180514278245	18.84852798131378
525.0	2.0	18.674545088038823	13.289164742608715
526.0	2.0	18.674545088038823	13.289164742608715
527.0	2.0	18.674545088038823	13.289164742608715
528.0	1.0	49.42556949380793	13.289164742608715
529.0	1.0	49.42556949380793	13.289164742608715
530.0	3.0	18.44361185186995	19.211389481467886
531.0	2.0	18.674545088038823	13.289164742608715
532.0	1.0	49.42556949380793	13.289164742608715
533.0	1.0	49.42556949380793	13.289164742608715
534.0	2.0	18.674545088038823	13.289164742608715
535.0	4.0	49.09575564362135	15.243471431089377
536.0	1.0	49.42556949380793	13.289164742608715
537.0	2.0	18.674545088038823	13.289164742608715
538.0	1.0	49.42556949380793	13.289164742608715
539.0	4.0	49.09575564362135	13.289164742608715
540.0	2.0	18.674545088038823	13.289164742608715
541.0	1.0	49.42556949380793	13.289164742608715
542.0	2.0	18.674545088038823	13.289164742608715
543.0	3.0	18.44361185186995	32.94317299899596
544.0	2.0	18.674545088038823	13.289164742608715
545.0	2.0	18.674545088038823	13.289164742608715
546.0	1.0	49.42556949380793	13.289164742608715
547.0	3.0	18.44361185186995	19.779309480405566
548.0	4.0	65.01523858810448	13.289164742608715
549.0	2.0	18.674545088038823	13.289164742608715
550.0	1.0	49.42556949380793	13.289164742608715
551.0	1.0	49.42556949380793	15.596249990086132
552.0	2.0	18.674545088038823	13.289164742608715
553.0	1.0	49.42556949380793	13.289164742608715
554.0	3.0	18.44361185186995	13.289164742608715
555.0	4.0	58.531641468496886	13.468847455786374
556.0	2.0	18.674545088038823	13.289164742608715
557.0	4.0	53.59904721594357	13.289164742608715
558.0	3.0	18.44361185186995	22.828840534866437
559.0	3.0	18.44361185186995	14.601472317319965
560.0	1.0	49.42556949380793	13.289164742608715
561.0	3.0	18.44361185186995	18.048365590404977
562.0	1.0	49.42556949380793	13.289164742608715
563.0	1.0	49.42556949380793	13.289164742608715
564.0	1.0	49.42556949380793	13.289164742608715
565.0	2.0	18.674545088038823	13.289164742608715
566.0	1.0	49.42556949380793	13.289164742608715
567.0	2.0	18.674545088038823	13.289164742608715
568.0	4.0	49.09575564362135	13.289164742608715
569.0	2.0	18.674545088038823	13.289164742608715
570.0	2.0	19.015428363946384	13.289164742608715
571.0	4.0	49.09575564362135	13.289164742608715
572.0	3.0	18.44361185186995	25.240477379350367
573.0	3.0	18.44361185186995	25.511989398675713
574.0	4.0	49.09575564362135	16.694143693090393
575.0	1.0	49.42556949380793	13.289164742608715
576.0	2.0	18.674545088038823	13.289164742608715
577.0	2.0	18.674545088038823	13.289164742608715
578.0	1.0	49.42556949380793	13.289164742608715
579.0	4.0	49.09575564362135	13.289164742608715
580.0	3.0	18.44361185186995	25.765065081915527
581.0	3.0	18.710054307887393	29.756835119202087
582.0	3.0	18.44361185186995	24.74205197445248
583.0	2.0	18.674545088038823	13.289164742608715
584.0	2.0	18.674545088038823	13.289164742608715
585.0	4.0	58.365221849535914	13.289164742608715
586.0	3.0	18.44361185186995	18.79934295140014
587.0	4.0	52.95620890765085	13.289164742608715
588.0	3.0	18.44361185186995	20.702805882973045
589.0	4.0	61.49168281586845	13.289164742608715
590.0	2.0	18.674545088038823	13.289164742608715
591.0	2.0	18.674545088038823	13.289164742608715
592.0	2.0	18.674545088038823	13.289164742608715
593.0	3.0	18.44361185186995	36.021725066512204
594.0	2.0	18.674545088038823	13.289164742608715
595.0	1.0	49.42556949380793	13.289164742608715
596.0	1.0	49.42556949380793	13.289164742608715
597.0	4.0	49.09575564362135	13.289164742608715
598.0	3.0	18.44361185186995	21.224729524469986
599.0	2.0	18.674545088038823	13.289164742608715
600.0	2.0	18.674545088038823	13.289164742608715
601.0	3.0	18.44361185186995	29.1433700005813
602.0	2.0	18.674545088038823	13.289164742608715
603.0	4.0	56.25928312416746	30.882020720766544
604.0	3.0	18.44361185186995	18.108250244969156
605.0	1.0	49.42556949380793	13.289164742608715
606.0	3.0	18.44361185186995	20.32021948747527
607.0	4.0	49.09575564362135	13.289164742608715
608.0	1.0	49.42556949380793	13.289164742608715
609.0	4.0	61.45113300896397	13.289164742608715
610.0	2.0	18.674545088038823	13.289164742608715
611.0	4.0	49.09575564362135	13.289164742608715
612.0	3.0	18.44361185186995	18.35370458229283
613.0	2.0	18.674545088038823	13.289164742608715
614.0	4.0	49.09575564362135	13.289164742608715
615.0	3.0	18.44361185186995	18.146857875040226
616.0	1.0	49.42556949380793	13.289164742608715
617.0	3.0	18.44361185186995	19.895921551944625
618.0	2.0	18.674545088038823	13.289164742608715
619.0	1.0	49.42556949380793	13.289164742608715
620.0	3.0	18.44361185186995	19.75572483122794
621.0	2.0	18.674545088038823	13.289164742608715
622.0	3.0	18.44361185186995	23.952109223061434
623.0	3.0	18.44361185186995	19.220243396707012
624.0	3.0	18.44361185186995	19.694844584980654
625.0	1.0	49.42556949380793	13.289164742608715
626.0	4.0	49.09575564362135	13.289164742608715
627.0	2.0	18.674545088038823	13.289164742608715
628.0	1.0	49.42556949380793	13.289164742608715
629.0	1.0	49.42556949380793	13.289164742608715
630.0	4.0	49.09575564362135	13.289164742608715
631.0	3.0	18.44361185186995	25.841252343314494
632.0	3.0	18.44361185186995	25.30738160076115
633.0	2.0	18.674545088038823	13.289164742608715
634.0	1.0	49.42556949380793	13.289164742608715
635.0	3.0	18.44361185186995	25.76319586113118
636.0	2.0	18.674545088038823	13.289164742608715
637.0	4.0	75.15071568787998	13.289164742608715
638.0	4.0	49.09575564362135	13.289164742608715
639.0	2.0	18.674545088038823	13.289164742608715
640.0	4.0	49.09575564362135	13.289164742608715
641.0	4.0	51.04729818021508	13.289164742608715
642.0	3.0	18.44361185186995	18.595880610796794
643.0	3.0	18.44361185186995	25.788722520054186
644.0	4.0	66.96381657861471	17.907578139899226
645.0	3.0	18.44361185186995	22.78074525803126
646.0	2.0	18.674545088038823	13.289164742608715
647.0	3.0	18.44361185186995	25.398643623201433
648.0	4.0	49.22986481772119	13.289164742608715
649.0	3.0	18.44361185186995	20.66240737012027
650.0	1.0	49.42556949380793	13.289164742608715
651.0	3.0	18.44361185186995	18.341769895496142
652.0	1.0	52.75646500817005	13.289164742608715
653.0	3.0	18.44361185186995	13.430155373232326
654.0	4.0	49.09575564362135	13.289164742608715
655.0	3.0	18.44361185186995	20.824565448935275
656.0	1.0	53.913520149913936	19.46591069548161
657.0	3.0	18.44361185186995	13.289164742608715
658.0	1.0	58.7581900275	13.289164742608715
659.0	3.0	18.44361185186995	13.289164742608715
660.0	2.0	18.674545088038823	13.289164742608715
661.0	1.0	49.42556949380793	13.289164742608715
662.0	3.0	18.44361185186995	14.549264128547943
663.0	4.0	49.09575564362135	13.289164742608715
664.0	2.0	18.674545088038823	13.289164742608715
665.0	2.0	18.674545088038823	13.289164742608715
666.0	4.0	49.09575564362135	13.611897600944864
667.0	3.0	18.44361185186995	20.70460965360177
668.0	3.0	18.44361185186995	30.59666486555691
669.0	2.0	18.674545088038823	13.289164742608715
670.0	2.0	18.674545088038823	13.289164742608715
671.0	1.0	49.42556949380793	13.289164742608715
672.0	3.0	18.44361185186995	18.049834221880108
673.0	1.0	49.42556949380793	13.289164742608715
674.0	3.0	18.44361185186995	18.264665240758077
675.0	3.0	18.44361185186995	22.853583974116667
676.0	4.0	62.12989717387542	17.476255600252962
677.0	2.0	18.674545088038823	13.289164742608715
678.0	2.0	18.674545088038823	13.289164742608715
679.0	1.0	49.42556949380793	13.289164742608715
680.0	4.0	49.09575564362135	13.289164742608715
681.0	2.0	18.674545088038823	13.289164742608715
682.0	4.0	49.09575564362135	13.289164742608715
683.0	2.0	18.674545088038823	13.289164742608715
684.0	3.0	18.44361185186995	25.16253287120055
685.0	2.0	18.674545088038823	13.289164742608715
686.0	4.0	49.09575564362135	13.289164742608715
687.0	3.0	18.44361185186995	14.779571407138306
688.0	1.0	49.42556949380793	13.289164742608715
689.0	3.0	18.44361185186995	13.289164742608715
690.0	1.0	49.42556949380793	13.289164742608715
691.0	4.0	49.09575564362135	13.289164742608715
692.0	1.0	49.42556949380793	13.289164742608715
693.0	2.0	18.674545088038823	13.289164742608715
694.0	3.0	18.44361185186995	18.214548866207036
695.0	1.0	49.42556949380793	13.292922797114649
696.0	1.0	67.89359226402495	13.289164742608715
697.0	3.0	18.44361185186995	17.604923656132843
698.0	3.0	18.44361185186995	17.204590528101004
699.0	3.0	18.44361185186995	24.192774035032336
700.0	1.0	56.28842658504261	13.289164742608715
701.0	3.0	18.44361185186995	19.24312111303455
702.0	3.0	18.44361185186995	25.5844239410365
703.0	3.0	18.44361185186995	21.26016878115156
704.0	4.0	78.33006458438233	35.70258077470382
705.0	3.0	18.44361185186995	24.487054424351395
706.0	4.0	51.529356503716706	13.289164742608715
707.0	1.0	49.42556949380793	17.171401884541634
708.0	2.0	18.674545088038823	13.289164742608715
709.0	2.0	18.674545088038823	13.289164742608715
710.0	1.0	49.42556949380793	13.289164742608715
711.0	4.0	49.09575564362135	13.289164742608715
712.0	4.0	49.09575564362135	13.289164742608715
713.0	1.0	49.42556949380793	13.289164742608715
714.0	2.0	18.674545088038823	13.289164742608715
715.0	1.0	49.42556949380793	13.289164742608715
716.0	3.0	18.44361185186995	19.245808270393308
717.0	3.0	18.44361185186995	17.80441974860583
718.0	1.0	49.42556949380793	13.289164742608715
719.0	4.0	49.09575564362135	13.289164742608715
720.0	2.0	18.674545088038823	13.289164742608715
721.0	1.0	49.42556949380793	13.289164742608715
722.0	1.0	49.42556949380793	13.289164742608715
723.0	2.0	18.674545088038823	13.289164742608715
724.0	1.0	49.42556949380793	17.536230760804767
725.0	2.0	18.674545088038823	13.289164742608715
726.0	4.0	49.09575564362135	13.289164742608715
727.0	3.0	18.44361185186995	24.715193865060236
728.0	2.0	18.674545088038823	13.289164742608715
729.0	4.0	67.28477693440499	13.289164742608715
730.0	4.0	54.75565819964859	13.289164742608715
731.0	2.0	18.674545088038823	13.289164742608715
732.0	4.0	49.09575564362135	13.289164742608715
733.0	3.0	18.44361185186995	17.24280034849546
734.0	1.0	49.42556949380793	13.289164742608715
735.0	4.0	49.09575564362135	13.289164742608715
736.0	3.0	18.44361185186995	18.200224526599875
737.0	3.0	18.44361185186995	45.45476334031548
738.0	2.0	18.674545088038823	13.289164742608715
739.0	1.0	49.42556949380793	13.289164742608715
740.0	1.0	49.42556949380793	13.289164742608715
741.0	3.0	18.44361185186995	14.326730459348902
742.0	2.0	18.674545088038823	13.289164742608715
743.0	4.0	64.70609638847898	13.289164742608715
744.0	2.0	18.674545088038823	13.289164742608715
745.0	4.0	49.09575564362135	13.289164742608715
746.0	1.0	49.42556949380793	13.289164742608715
747.0	2.0	18.674545088038823	13.289164742608715
748.0	3.0	18.44361185186995	23.123225226051733
749.0	4.0	64.16729182967497	13.289164742608715
750.0	2.0	18.674545088038823	13.289164742608715
751.0	4.0	53.84820623310708	13.289164742608715
752.0	2.0	18.674545088038823	13.289164742608715
753.0	2.0	18.674545088038823	13.289164742608715
754.0	4.0	52.42432261632355	13.289164742608715
755.0	2.0	18.674545088038823	13.289164742608715
756.0	2.0	18.674545088038823	13.289164742608715
757.0	3.0	18.44361185186995	18.138769195444453
758.0	1.0	50.85170571085151	13.289164742608715
759.0	3.0	18.44361185186995	13.289164742608715
760.0	1.0	52.89500347157887	13.289164742608715
761.0	3.0	18.44361185186995	18.930154593038466
762.0	2.0	18.674545088038823	13.289164742608715
763.0	2.0	18.674545088038823	13.289164742608715
764.0	3.0	18.44361185186995	28.57199036590416
765.0	2.0	18.674545088038823	13.289164742608715
766.0	4.0	62.539236565799136	13.289164742608715
767.0	4.0	49.09575564362135	13.289164742608715
768.0	2.0	18.674545088038823	13.289164742608715
769.0	1.0	50.02253662584789	13.289164742608715
770.0	1.0	49.42556949380793	13.289164742608715
771.0	2.0	18.674545088038823	13.289164742608715
772.0	1.0	91.38901361042927	48.82749306164975
773.0	2.0	18.674545088038823	13.289164742608715
774.0	2.0	18.674545088038823	13.289164742608715
775.0	2.0	18.674545088038823	13.289164742608715
776.0	4.0	49.09575564362135	13.289164742608715
777.0	3.0	18.44361185186995	18.95188760342456
778.0	3.0	18.44361185186995	26.785756993937536
779.0	2.0	18.674545088038823	13.289164742608715
780.0	2.0	18.674545088038823	13.289164742608715
781.0	3.0	18.44361185186995	23.58413435569386
782.0	1.0	49.42556949380793	17.637778871463937
783.0	3.0	18.44361185186995	18.841699263666325
784.0	4.0	49.09575564362135	13.289164742608715
785.0	4.0	49.09575564362135	13.289164742608715
786.0	3.0	18.44361185186995	19.016535293584635
787.0	3.0	18.44361185186995	18.88096365886047
788.0	4.0	68.25196239858421	13.289164742608715
789.0	4.0	49.09575564362135	13.289164742608715
790.0	2.0	18.674545088038823	13.289164742608715
791.0	1.0	49.42556949380793	13.289164742608715
792.0	4.0	49.09575564362135	13.289164742608715
793.0	2.0	18.674545088038823	13.289164742608715
794.0	1.0	49.42556949380793	13.289164742608715
795.0	4.0	49.09575564362135	13.289164742608715
796.0	2.0	18.674545088038823	13.289164742608715
797.0	1.0	49.42556949380793	13.289164742608715
798.0	4.0	49.09575564362135	13.289164742608715
799.0	4.0	49.09575564362135	13.289164742608715
800.0	2.0	18.674545088038823	13.289164742608715
801.0	1.0	49.42556949380793	13.289164742608715
802.0	1.0	49.42556949380793	13.289164742608715
803.0	2.0	18.674545088038823	13.289164742608715
804.0	3.0	18.44361185186995	22.382426544851587
805.0	3.0	18.44361185186995	26.82115118920686
806.0	4.0	57.22080201400693	18.12331614527276
807.0	3.0	18.44361185186995	13.289164742608715
808.0	3.0	18.44361185186995	25.072673240122526
809.0	2.0	18.674545088038823	13.289164742608715
810.0	2.0	18.674545088038823	13.289164742608715
811.0	3.0	18.44361185186995	17.32489155393804
812.0	1.0	49.42556949380793	13.289164742608715
813.0	2.0	18.674545088038823	13.289164742608715
814.0	3.0	18.44361185186995	30.396620071184582
815.0	3.0	18.44361185186995	17.68037387997903
816.0	3.0	18.44361185186995	31.621567297647864
817.0	2.0	18.674545088038823	13.289164742608715
818.0	4.0	61.81205710455362	13.289164742608715
819.0	2.0	18.674545088038823	13.289164742608715
820.0	1.0	49.42556949380793	13.289164742608715
821.0	4.0	49.09575564362135	13.289164742608715
822.0	2.0	18.674545088038823	13.289164742608715
823.0	1.0	62.55106236886667	25.085626611283654
824.0	2.0	18.674545088038823	13.289164742608715
825.0	2.0	18.674545088038823	13.289164742608715
826.0	1.0	49.42556949380793	13.306458902823124
827.0	2.0	18.674545088038823	13.289164742608715
828.0	3.0	18.44361185186995	22.615748190733193
829.0	2.0	18.674545088038823	13.289164742608715
830.0	4.0	61.73344681007789	13.289164742608715
831.0	2.0	18.674545088038823	13.289164742608715
832.0	2.0	18.674545088038823	13.289164742608715
833.0	1.0	49.42556949380793	13.289164742608715
834.0	4.0	49.09575564362135	13.289164742608715
835.0	4.0	49.09575564362135	13.289164742608715
836.0	1.0	49.42556949380793	13.289164742608715
837.0	4.0	49.09575564362135	13.289164742608715
838.0	2.0	18.674545088038823	13.289164742608715
839.0	2.0	18.674545088038823	13.289164742608715
840.0	1.0	51.93429089928506	13.289164742608715
841.0	3.0	18.44361185186995	24.792706884743012
842.0	2.0	18.674545088038823	13.289164742608715
843.0	2.0	18.674545088038823	13.289164742608715
844.0	2.0	18.674545088038823	13.289164742608715
845.0	2.0	18.674545088038823	13.289164742608715
846.0	1.0	49.42556949380793	13.289164742608715
847.0	1.0	49.42556949380793	13.289164742608715
848.0	1.0	55.17578289910665	13.289164742608715
849.0	3.0	18.44361185186995	14.033798326275232
850.0	2.0	18.674545088038823	13.289164742608715
851.0	3.0	18.44361185186995	24.633225708342337
852.0	2.0	18.674545088038823	13.289164742608715
853.0	1.0	49.42556949380793	13.289164742608715
854.0	1.0	59.98521724048446	13.289164742608715
855.0	2.0	18.674545088038823	13.289164742608715
856.0	1.0	49.42556949380793	13.289164742608715
857.0	1.0	49.42556949380793	13.289164742608715
858.0	3.0	18.44361185186995	20.73749661542859
859.0	2.0	18.674545088038823	13.289164742608715
860.0	2.0	18.674545088038823	13.289164742608715
861.0	2.0	18.674545088038823	13.289164742608715
862.0	1.0	49.42556949380793	13.289164742608715
863.0	2.0	18.674545088038823	13.289164742608715
864.0	4.0	49.09575564362135	13.289164742608715
865.0	3.0	18.44361185186995	27.511938720977373
866.0	4.0	66.32856730835941	13.635281834875691
867.0	2.0	18.674545088038823	13.289164742608715
868.0	4.0	49.09575564362135	13.289164742608715
869.0	1.0	49.42556949380793	13.289164742608715
870.0	4.0	49.09575564362135	19.447617014250167
871.0	3.0	18.44361185186995	20.114937258333867
872.0	3.0	18.44361185186995	18.687164780446352
873.0	4.0	76.10850360600595	27.11705509156049
874.0	3.0	18.44361185186995	18.592987360864747
875.0	4.0	65.02665160499816	13.289164742608715
876.0	3.0	18.44361185186995	17.67470269085325
877.0	4.0	62.16780456374959	13.289164742608715
878.0	2.0	18.674545088038823	13.289164742608715
879.0	2.0	18.674545088038823	13.289164742608715
880.0	2.0	18.674545088038823	13.289164742608715
881.0	2.0	18.674545088038823	13.289164742608715
882.0	2.0	18.674545088038823	13.289164742608715
883.0	1.0	49.42556949380793	13.289164742608715
884.0	1.0	49.42556949380793	13.289164742608715
885.0	2.0	18.674545088038823	13.289164742608715
886.0	4.0	49.09575564362135	13.289164742608715
887.0	1.0	49.42556949380793	13.289164742608715
888.0	2.0	18.674545088038823	13.289164742608715
889.0	3.0	18.44361185186995	18.6211534107973
890.0	1.0	55.49474122059034	13.289164742608715
891.0	2.0	18.674545088038823	13.289164742608715
892.0	1.0	49.42556949380793	13.289164742608715
893.0	1.0	49.42556949380793	13.289164742608715
894.0	3.0	18.44361185186995	24.236255067624622
895.0	4.0	49.4501822404323	22.347292019839834
896.0	3.0	18.44361185186995	17.254248593358636
897.0	3.0	18.44361185186995	18.64743315949663
898.0	3.0	18.44361185186995	18.85117982956268
899.0	1.0	55.816595707511354	13.289164742608715
900.0	3.0	18.44361185186995	14.092587014311848
901.0	1.0	53.318855727969314	14.76849239921739
902.0	4.0	49.09575564362135	13.289164742608715
903.0	3.0	18.44361185186995	18.840829318871886
904.0	3.0	18.44361185186995	20.41802550545181
905.0	1.0	50.52503346559111	13.289164742608715
906.0	1.0	71.54064974747597	13.289164742608715
907.0	2.0	18.674545088038823	13.289164742608715
908.0	3.0	18.44361185186995	30.56127514531601
909.0	2.0	18.674545088038823	13.289164742608715
910.0	1.0	55.556424754703464	13.289164742608715
911.0	2.0	18.674545088038823	13.289164742608715
912.0	3.0	18.44361185186995	31.003631548279383
913.0	3.0	18.44361185186995	19.300289233569544
914.0	1.0	49.42556949380793	13.289164742608715
915.0	2.0	18.674545088038823	13.289164742608715
916.0	1.0	49.42556949380793	13.289164742608715
917.0	4.0	49.09575564362135	13.289164742608715
918.0	2.0	18.674545088038823	13.289164742608715
919.0	1.0	68.91232401810183	25.7136164129475
920.0	2.0	18.674545088038823	13.289164742608715
921.0	2.0	18.674545088038823	13.289164742608715
922.0	1.0	49.42556949380793	13.289164742608715
923.0	4.0	49.09575564362135	13.289164742608715
924.0	3.0	18.44361185186995	13.289164742608715
925.0	1.0	52.33530550420841	13.289164742608715
926.0	1.0	72.74175422001407	13.289164742608715
927.0	3.0	18.44361185186995	18.686925947642614
928.0	2.0	18.674545088038823	13.289164742608715
929.0	1.0	49.42556949380793	13.289164742608715
930.0	2.0	18.674545088038823	13.289164742608715
931.0	1.0	49.42556949380793	13.289164742608715
932.0	1.0	55.46769844203262	13.289164742608715
933.0	3.0	18.44361185186995	22.24708848224708
934.0	2.0	18.674545088038823	13.289164742608715
935.0	4.0	49.09575564362135	13.289164742608715
936.0	3.0	18.44361185186995	18.24833243603315
937.0	3.0	18.44361185186995	19.692565942761878
938.0	3.0	18.44361185186995	17.830527842066545
939.0	2.0	18.674545088038823	13.289164742608715
940.0	3.0	18.44361185186995	30.165862099944082
941.0	3.0	18.44361185186995	19.058243176592043
942.0	3.0	18.44361185186995	24.412089734656334
943.0	3.0	18.44361185186995	20.88180091445933
944.0	3.0	18.44361185186995	29.221874530897086
945.0	2.0	18.674545088038823	19.119428271920697
946.0	2.0	18.674545088038823	13.289164742608715
947.0	1.0	49.42556949380793	13.289164742608715
948.0	3.0	18.44361185186995	18.608248279472523
949.0	4.0	49.09575564362135	17.961645326501422
950.0	1.0	49.42556949380793	13.289164742608715
951.0	2.0	18.674545088038823	13.289164742608715
952.0	3.0	18.44361185186995	29.817058558227075
953.0	3.0	18.44361185186995	19.655196922230452
954.0	3.0	18.44361185186995	18.632197469050457
955.0	3.0	18.44361185186995	13.42110982687338
956.0	1.0	49.42556949380793	13.289164742608715
957.0	3.0	18.44361185186995	18.523441116845465
958.0	3.0	18.44361185186995	19.22040646954923
959.0	4.0	65.51173655659566	33.37773310237666
960.0	3.0	18.44361185186995	19.466188436440493
961.0	4.0	49.09575564362135	13.289164742608715
962.0	1.0	49.42556949380793	13.289164742608715
963.0	2.0	18.674545088038823	13.289164742608715
964.0	3.0	18.44361185186995	24.53720067918291
965.0	1.0	49.42556949380793	13.289164742608715
966.0	3.0	18.44361185186995	29.084401851391473
967.0	3.0	18.44361185186995	18.85081350994964
968.0	3.0	18.44361185186995	24.92675350849254
969.0	2.0	18.674545088038823	13.289164742608715
970.0	3.0	18.44361185186995	25.82916590950851
971.0	4.0	49.09575564362135	19.135379390915368
972.0	3.0	18.44361185186995	19.62621253883102
973.0	4.0	49.09575564362135	17.982882160098317
974.0	3.0	18.44361185186995	29.412063609997595
975.0	3.0	18.44361185186995	17.780174434636642
976.0	1.0	49.42556949380793	13.289164742608715
977.0	1.0	78.12623413610196	13.289164742608715
978.0	3.0	18.44361185186995	20.723045773761932
979.0	1.0	49.42556949380793	13.289164742608715
980.0	1.0	49.42556949380793	13.289164742608715
981.0	1.0	52.757823678734574	13.289164742608715
982.0	4.0	49.09575564362135	13.289164742608715
983.0	1.0	49.42556949380793	13.289164742608715
984.0	2.0	18.674545088038823	13.289164742608715
985.0	1.0	61.886704484211265	13.289164742608715
986.0	3.0	18.44361185186995	13.4170081823471
987.0	2.0	18.674545088038823	13.289164742608715
988.0	2.0	18.674545088038823	13.289164742608715
989.0	4.0	49.09575564362135	13.289164742608715
990.0	3.0	18.44361185186995	19.742694105268587
991.0	1.0	54.14618127434711	13.289164742608715
992.0	2.0	18.674545088038823	13.289164742608715
993.0	3.0	18.44361185186995	30.854700299064305
994.0	3.0	18.44361185186995	16.35461688314327
995.0	4.0	55.89064161685226	36.84699206871884
996.0	3.0	18.44361185186995	17.779472509390093
997.0	3.0	18.44361185186995	23.58571709423574
998.0	2.0	18.674545088038823	13.289164742608715
999.0	2.0	18.674545088038823	13.289164742608715
1000.0	3.0	18.44361185186995	30.778598916678362
1001.0	4.0	49.09575564362135	13.289164742608715
1002.0	3.0	18.44361185186995	18.185843699843577
1003.0	1.0	49.42556949380793	13.289164742608715
1004.0	1.0	64.10941429809685	13.289164742608715
1005.0	3.0	18.44361185186995	20.449543827159495
1006.0	1.0	71.5648383562815	13.289164742608715
1007.0	2.0	18.674545088038823	13.289164742608715
1008.0	2.0	18.674545088038823	13.289164742608715
1009.0	4.0	49.09575564362135	13.289164742608715
1010.0	4.0	49.09575564362135	13.289164742608715
1011.0	3.0	18.44361185186995	22.66763430695076
1012.0	1.0	49.42556949380793	13.289164742608715
1013.0	1.0	58.93595913166142	13.289164742608715
1014.0	3.0	18.44361185186995	21.552415375226566
1015.0	3.0	18.44361185186995	13.289164742608715
1016.0	1.0	72.66698563287981	13.289164742608715
1017.0	3.0	18.44361185186995	20.34342858878857
1018.0	3.0	18.44361185186995	20.167564042952666
1019.0	1.0	57.776280551093166	13.289164742608715
1020.0	2.0	18.674545088038823	13.289164742608715
1021.0	1.0	62.37221880337442	13.289164742608715
1022.0	2.0	18.674545088038823	13.289164742608715
1023.0	2.0	18.674545088038823	13.289164742608715
1024.0	1.0	49.42556949380793	13.289164742608715
1025.0	4.0	49.09575564362135	13.289164742608715
1026.0	3.0	18.44361185186995	24.322273777767194
1027.0	3.0	18.44361185186995	18.00811381750018
1028.0	1.0	52.598450993232575	13.289164742608715
1029.0	3.0	18.44361185186995	23.55853038046226
1030.0	3.0	18.44361185186995	18.812961696293314
1031.0	4.0	75.28273860821777	24.281421372610502
1032.0	3.0	18.44361185186995	19.072194976159466
1033.0	3.0	18.44361185186995	18.90604072749415
1034.0	1.0	49.42556949380793	13.289164742608715
1035.0	1.0	75.47120111182406	13.428691595063054
1036.0	3.0	18.44361185186995	13.289164742608715
1037.0	1.0	49.42556949380793	13.289164742608715
1038.0	3.0	18.44361185186995	19.450257451102257
1039.0	4.0	49.09575564362135	13.289164742608715
1040.0	4.0	49.09575564362135	13.289164742608715
1041.0	2.0	18.674545088038823	13.289164742608715
1042.0	4.0	50.97808512701515	13.289164742608715
1043.0	4.0	49.09575564362135	13.363675984294128
1044.0	3.0	18.44361185186995	22.52822523379601
1045.0	1.0	49.42556949380793	13.289164742608715
1046.0	1.0	49.42556949380793	13.289164742608715
1047.0	1.0	77.60301841026117	13.289164742608715
1048.0	3.0	18.44361185186995	13.289164742608715
1049.0	1.0	50.25158694880969	13.289164742608715
1050.0	1.0	58.86747879736504	13.289164742608715
1051.0	3.0	18.44361185186995	13.289164742608715
1052.0	2.0	18.674545088038823	13.289164742608715
1053.0	4.0	49.09575564362135	13.289164742608715
1054.0	3.0	18.44361185186995	24.332747998522876
1055.0	2.0	18.674545088038823	13.289164742608715
1056.0	1.0	60.38098149680738	13.289164742608715
1057.0	3.0	18.44361185186995	24.88325676819465
1058.0	4.0	63.109398284148426	18.190547925029172
1059.0	2.0	18.674545088038823	13.289164742608715
1060.0	1.0	54.71817835543611	13.289164742608715
1061.0	4.0	49.09575564362135	13.289164742608715
1062.0	3.0	18.44361185186995	13.289164742608715
1063.0	1.0	62.37403378017524	13.289164742608715
1064.0	1.0	49.42556949380793	13.289164742608715
1065.0	1.0	81.59283776569379	13.289164742608715
1066.0	3.0	18.44361185186995	19.564924312885353
1067.0	1.0	67.85766413478632	13.289164742608715
1068.0	3.0	18.44361185186995	13.289164742608715
1069.0	1.0	64.33774952135107	13.289164742608715
1070.0	4.0	49.09575564362135	16.763288913618446
1071.0	2.0	18.674545088038823	13.289164742608715
1072.0	1.0	49.42556949380793	13.289164742608715
1073.0	1.0	49.42556949380793	13.289164742608715
1074.0	1.0	60.26486494742375	13.289164742608715
1075.0	2.0	18.674545088038823	13.289164742608715
1076.0	1.0	72.60330765506701	45.98483676847294
1077.0	2.0	18.674545088038823	13.289164742608715
1078.0	2.0	18.674545088038823	13.289164742608715
1079.0	2.0	18.674545088038823	13.289164742608715
1080.0	4.0	49.09575564362135	13.289164742608715
1081.0	1.0	49.42556949380793	13.289164742608715
1082.0	1.0	49.42556949380793	16.506697603297773
1083.0	2.0	18.674545088038823	13.289164742608715
1084.0	2.0	18.674545088038823	13.289164742608715
1085.0	4.0	49.09575564362135	13.289164742608715
1086.0	3.0	18.44361185186995	26.194909055433286
1087.0	3.0	18.44361185186995	17.66869429678659
1088.0	4.0	51.63295405906618	17.715074138622832
1089.0	3.0	18.44361185186995	20.55826572383985
1090.0	2.0	18.674545088038823	13.289164742608715
1091.0	1.0	49.42556949380793	13.289164742608715
1092.0	3.0	18.44361185186995	24.98995232756037
1093.0	2.0	18.674545088038823	13.289164742608715
1094.0	4.0	49.09575564362135	13.289164742608715
1095.0	2.0	18.674545088038823	13.289164742608715
1096.0	2.0	18.674545088038823	13.289164742608715
1097.0	4.0	49.09575564362135	13.289164742608715
1098.0	4.0	49.09575564362135	13.289164742608715
1099.0	3.0	18.44361185186995	18.332400635137297
1100.0	3.0	18.44361185186995	17.90480373742008
1101.0	3.0	18.44361185186995	17.421102719693042
1102.0	3.0	18.44361185186995	16.6599547070079
1103.0	4.0	52.24119809058058	13.289164742608715
1104.0	2.0	18.674545088038823	13.289164742608715
1105.0	4.0	49.09575564362135	13.289164742608715
1106.0	3.0	18.44361185186995	24.977246296963926
1107.0	2.0	18.674545088038823	13.289164742608715
1108.0	1.0	49.42556949380793	25.533968932855316
1109.0	2.0	18.674545088038823	13.289164742608715
1110.0	2.0	18.674545088038823	13.560850210625299
1111.0	2.0	18.674545088038823	13.289164742608715
1112.0	3.0	18.44361185186995	31.5455412141783
1113.0	3.0	18.44361185186995	24.987218651059536
1114.0	3.0	18.44361185186995	19.081979510725972
1115.0	1.0	55.535460205395125	13.289164742608715
1116.0	3.0	18.44361185186995	28.13546353623917
1117.0	2.0	18.674545088038823	13.289164742608715
1118.0	2.0	18.674545088038823	13.289164742608715
1119.0	2.0	18.674545088038823	13.289164742608715
1120.0	2.0	18.674545088038823	13.289164742608715
1121.0	2.0	18.674545088038823	13.289164742608715
1122.0	3.0	18.44361185186995	19.043824482941265
1123.0	4.0	62.71595322346898	13.289164742608715
1124.0	4.0	49.09575564362135	13.289164742608715
1125.0	2.0	18.674545088038823	13.289164742608715
1126.0	4.0	49.09575564362135	13.289164742608715
1127.0	1.0	49.42556949380793	13.289164742608715
1128.0	4.0	49.09575564362135	13.289164742608715
1129.0	1.0	49.42556949380793	13.289164742608715
1130.0	4.0	49.09575564362135	13.289164742608715
1131.0	2.0	18.674545088038823	13.289164742608715
1132.0	1.0	49.42556949380793	13.289164742608715
1133.0	4.0	49.09575564362135	13.289164742608715
1134.0	2.0	18.674545088038823	13.289164742608715
1135.0	1.0	49.42556949380793	13.289164742608715
1136.0	2.0	18.674545088038823	13.289164742608715
1137.0	4.0	49.09575564362135	13.289164742608715
1138.0	3.0	18.44361185186995	13.916668585457838
1139.0	1.0	49.42556949380793	13.289164742608715
1140.0	3.0	18.44361185186995	25.62192059820333
1141.0	4.0	61.1699888121484	15.983411057663456
1142.0	4.0	49.09575564362135	13.289164742608715
1143.0	2.0	18.674545088038823	13.289164742608715
1144.0	1.0	49.84422441776191	13.289164742608715
1145.0	4.0	49.09575564362135	13.379697232245926
1146.0	3.0	18.44361185186995	17.840526977306098
1147.0	1.0	69.9503296638077	16.89020142309585
1148.0	2.0	18.674545088038823	13.289164742608715
1149.0	2.0	18.674545088038823	13.289164742608715
1150.0	4.0	49.09575564362135	13.289164742608715
1151.0	1.0	51.39028089991002	13.289164742608715
1152.0	2.0	18.674545088038823	13.289164742608715
1153.0	3.0	18.44361185186995	27.538502785971527
1154.0	3.0	18.44361185186995	19.269810004334513
1155.0	3.0	18.44361185186995	20.2416671588278
1156.0	1.0	49.42556949380793	13.289164742608715
1157.0	1.0	51.81335892199861	13.289164742608715
1158.0	2.0	18.674545088038823	13.289164742608715
1159.0	2.0	18.674545088038823	13.289164742608715
1160.0	4.0	49.09575564362135	13.289164742608715
1161.0	2.0	18.674545088038823	13.289164742608715
1162.0	2.0	18.674545088038823	13.289164742608715
1163.0	4.0	49.09575564362135	13.289164742608715
1164.0	3.0	18.44361185186995	24.472838690301316
1165.0	3.0	18.44361185186995	18.988912599280617
1166.0	1.0	49.42556949380793	13.289164742608715
1167.0	2.0	18.674545088038823	13.289164742608715
1168.0	4.0	49.09575564362135	13.289164742608715
1169.0	1.0	49.42556949380793	17.676173170644322
1170.0	2.0	18.674545088038823	13.289164742608715
1171.0	2.0	18.674545088038823	13.289164742608715
1172.0	4.0	49.09575564362135	13.289164742608715
1173.0	3.0	18.44361185186995	17.750963754567476
1174.0	1.0	58.36508155720853	13.289164742608715
1175.0	3.0	18.44361185186995	20.457993521848937
1176.0	3.0	18.44361185186995	17.561015945435713
1177.0	3.0	18.44361185186995	24.811045702744465
1178.0	1.0	65.81404821978961	13.289164742608715
1179.0	3.0	18.44361185186995	17.687320456396666
1180.0	4.0	49.09575564362135	13.289164742608715
1181.0	3.0	18.44361185186995	24.450931647445053
1182.0	2.0	18.674545088038823	13.289164742608715
1183.0	1.0	49.42556949380793	13.289164742608715
1184.0	1.0	60.88895666247197	13.289164742608715
1185.0	2.0	18.674545088038823	13.289164742608715
1186.0	2.0	18.674545088038823	13.289164742608715
1187.0	3.0	18.44361185186995	19.909753982898273
1188.0	3.0	18.44361185186995	24.373605023194198
1189.0	2.0	18.674545088038823	13.289164742608715
1190.0	1.0	57.036424233351006	13.289164742608715
1191.0	3.0	18.44361185186995	13.289164742608715
1192.0	3.0	18.44361185186995	19.184849569138155
1193.0	1.0	51.18651556150841	13.289164742608715
1194.0	3.0	18.44361185186995	13.289164742608715
1195.0	3.0	18.44361185186995	18.669845977461325
1196.0	4.0	59.50497658992412	31.551812070776947
1197.0	3.0	18.44361185186995	19.358466680955807
1198.0	1.0	58.50862826720035	13.289164742608715
1199.0	1.0	72.12571745374605	13.289164742608715
1200.0	2.0	18.674545088038823	13.289164742608715
1201.0	3.0	18.44361185186995	23.50611474808863
1202.0	2.0	18.674545088038823	13.289164742608715
1203.0	2.0	18.674545088038823	13.289164742608715
1204.0	3.0	18.44361185186995	23.891838201128543
1205.0	4.0	49.09575564362135	13.289164742608715
1206.0	3.0	18.44361185186995	19.909857312875502
1207.0	3.0	18.44361185186995	22.080609707690996
1208.0	4.0	49.09575564362135	25.59694179817168
1209.0	3.0	18.44361185186995	20.482455406421675
1210.0	2.0	18.674545088038823	13.289164742608715
1211.0	4.0	52.58423801770113	13.289164742608715
1212.0	3.0	18.44361185186995	22.538835034704782
1213.0	2.0	18.674545088038823	13.289164742608715
1214.0	4.0	49.62544338274819	13.289164742608715
1215.0	3.0	18.44361185186995	19.98685322479159
1216.0	4.0	49.09575564362135	13.289164742608715
1217.0	1.0	49.42556949380793	13.289164742608715
1218.0	2.0	18.674545088038823	13.289164742608715
1219.0	1.0	49.93302035707883	13.289164742608715
1220.0	4.0	49.09575564362135	13.289164742608715
1221.0	3.0	18.44361185186995	23.497945671172012
1222.0	3.0	18.44361185186995	34.06898218416811
1223.0	2.0	18.674545088038823	13.289164742608715
1224.0	2.0	18.674545088038823	13.289164742608715
1225.0	1.0	49.42556949380793	18.30482123523403
1226.0	2.0	18.674545088038823	13.289164742608715
1227.0	4.0	51.246055409727525	13.289164742608715
1228.0	2.0	18.674545088038823	13.289164742608715
1229.0	1.0	49.42556949380793	13.289164742608715
1230.0	3.0	18.44361185186995	19.757564518918198
1231.0	1.0	49.42556949380793	13.289164742608715
1232.0	4.0	49.09575564362135	13.289164742608715
1233.0	2.0	18.674545088038823	13.289164742608715
1234.0	4.0	49.09575564362135	13.289164742608715
1235.0	2.0	18.674545088038823	13.289164742608715
1236.0	3.0	18.44361185186995	31.05745579934766
1237.0	4.0	49.09575564362135	13.289164742608715
1238.0	2.0	18.674545088038823	13.289164742608715
1239.0	1.0	51.82120785497381	13.289164742608715
1240.0	3.0	18.44361185186995	18.302561987294453
1241.0	2.0	18.674545088038823	13.289164742608715
1242.0	2.0	18.674545088038823	13.289164742608715
1243.0	1.0	61.12323921533299	13.289164742608715
1244.0	4.0	49.09575564362135	13.289164742608715
1245.0	3.0	18.44361185186995	19.4915157837912
1246.0	3.0	18.44361185186995	24.2303544245597
1247.0	1.0	64.41440312781897	13.289164742608715
1248.0	3.0	18.44361185186995	13.289164742608715
1249.0	4.0	49.09575564362135	13.289164742608715
1250.0	1.0	55.30400773748787	13.289164742608715
1251.0	2.0	18.674545088038823	13.289164742608715
1252.0	2.0	18.674545088038823	13.289164742608715
1253.0	4.0	49.09575564362135	13.289164742608715
1254.0	3.0	18.44361185186995	27.686632494898333
1255.0	3.0	18.44361185186995	17.29837515139358
1256.0	1.0	49.42556949380793	13.289164742608715
1257.0	3.0	18.44361185186995	13.289164742608715
1258.0	1.0	49.42556949380793	13.289164742608715
1259.0	1.0	49.42556949380793	13.289164742608715
1260.0	3.0	18.44361185186995	13.289164742608715
1261.0	1.0	49.42556949380793	13.289164742608715
1262.0	1.0	49.42556949380793	13.289164742608715
1263.0	1.0	49.42556949380793	13.289164742608715
1264.0	1.0	49.42556949380793	13.289164742608715
1265.0	1.0	52.14060270649292	13.289164742608715
1266.0	2.0	18.674545088038823	13.289164742608715
1267.0	4.0	49.09575564362135	13.289164742608715
1268.0	4.0	49.09575564362135	13.289164742608715
1269.0	2.0	18.674545088038823	13.289164742608715
1270.0	1.0	49.42556949380793	13.289164742608715
1271.0	4.0	49.09575564362135	13.289164742608715
1272.0	2.0	18.674545088038823	13.289164742608715
1273.0	2.0	18.674545088038823	13.289164742608715
1274.0	1.0	49.50368830762351	13.289164742608715
1275.0	2.0	18.674545088038823	13.289164742608715
1276.0	1.0	49.42556949380793	13.289164742608715
1277.0	3.0	18.44361185186995	18.59555831165173
1278.0	1.0	68.09896504507407	13.289164742608715
1279.0	3.0	18.44361185186995	13.289164742608715
1280.0	1.0	49.42556949380793	13.289164742608715
1281.0	4.0	49.09575564362135	13.289164742608715
1282.0	2.0	18.674545088038823	13.289164742608715
1283.0	4.0	49.09575564362135	13.289164742608715
1284.0	4.0	49.09575564362135	13.289164742608715
1285.0	3.0	18.44361185186995	19.347086179053907
1286.0	2.0	18.674545088038823	13.289164742608715
1287.0	4.0	49.09575564362135	13.289164742608715
1288.0	3.0	18.44361185186995	20.928984110919522
1289.0	2.0	18.674545088038823	13.289164742608715
1290.0	2.0	18.674545088038823	13.289164742608715
1291.0	2.0	18.674545088038823	13.289164742608715
1292.0	3.0	18.44361185186995	27.52112824116997
1293.0	1.0	49.42556949380793	13.289164742608715
1294.0	1.0	49.42556949380793	13.289164742608715
1295.0	1.0	56.05901632609091	13.289164742608715
1296.0	2.0	18.674545088038823	13.289164742608715
1297.0	4.0	49.09575564362135	13.289164742608715
1298.0	3.0	18.44361185186995	13.468495291740828
1299.0	2.0	18.674545088038823	13.289164742608715
1300.0	2.0	18.674545088038823	13.289164742608715
1301.0	4.0	49.09575564362135	13.468167061516995
1302.0	3.0	18.44361185186995	13.289164742608715
1303.0	3.0	18.44361185186995	17.865900995264408
1304.0	4.0	49.09575564362135	16.577748990201776
1305.0	1.0	52.25373348114813	13.289164742608715
1306.0	3.0	18.44361185186995	30.5892879824461
1307.0	3.0	18.44361185186995	26.247874725389696
1308.0	3.0	18.44361185186995	19.502304516356798
1309.0	3.0	18.44361185186995	13.289164742608715
1310.0	1.0	59.579602401175585	13.289164742608715
1311.0	3.0	18.44361185186995	13.854890169064753
1312.0	1.0	53.35350254197018	13.289164742608715
1313.0	1.0	54.144383141222605	13.289164742608715
1314.0	2.0	18.674545088038823	13.289164742608715
1315.0	2.0	18.674545088038823	13.289164742608715
1316.0	1.0	49.42556949380793	13.289164742608715
1317.0	2.0	18.674545088038823	13.289164742608715
1318.0	4.0	49.09575564362135	13.289164742608715
1319.0	4.0	49.09575564362135	13.289164742608715
1320.0	3.0	18.44361185186995	13.289164742608715
1321.0	3.0	18.44361185186995	19.539185524066355
1322.0	4.0	49.09575564362135	26.009150971534588
1323.0	3.0	18.44361185186995	17.997887825012057
1324.0	1.0	49.42556949380793	13.289164742608715
1325.0	1.0	62.012817938405604	13.289164742608715
1326.0	3.0	18.44361185186995	13.289164742608715
1327.0	3.0	18.44361185186995	21.97805593231311
1328.0	4.0	49.09575564362135	18.099559603314585
1329.0	1.0	49.42556949380793	13.289164742608715
1330.0	3.0	18.44361185186995	19.05614220489803
1331.0	2.0	18.674545088038823	13.289164742608715
1332.0	4.0	49.09575564362135	13.289164742608715
1333.0	3.0	18.44361185186995	19.907806029834962
1334.0	1.0	49.42556949380793	13.289164742608715
1335.0	4.0	49.09575564362135	13.289164742608715
1336.0	4.0	49.09575564362135	13.289164742608715
1337.0	4.0	49.09575564362135	13.289164742608715
1338.0	4.0	49.09575564362135	13.289164742608715
1339.0	3.0	18.44361185186995	18.249710793690102
1340.0	3.0	18.44361185186995	23.854623941875346
1341.0	2.0	18.674545088038823	13.289164742608715
1342.0	2.0	18.674545088038823	13.289164742608715
1343.0	4.0	49.09575564362135	13.289164742608715
1344.0	3.0	18.44361185186995	16.909325326828288
1345.0	1.0	56.863052772038216	13.289164742608715
1346.0	3.0	18.44361185186995	17.627460941172526
1347.0	2.0	18.674545088038823	13.289164742608715
1348.0	1.0	49.42556949380793	13.289164742608715
1349.0	3.0	18.44361185186995	18.561119531653336
1350.0	3.0	18.44361185186995	19.103468209438624
1351.0	4.0	49.09575564362135	17.704948251762215
1352.0	4.0	49.09575564362135	13.289164742608715
1353.0	3.0	18.44361185186995	18.69562173790021
1354.0	1.0	62.448343665781096	13.289164742608715
1355.0	4.0	49.09575564362135	13.289164742608715
1356.0	3.0	18.44361185186995	18.969643305631095
1357.0	1.0	59.29440188710394	13.289164742608715
1358.0	2.0	18.674545088038823	13.289164742608715
1359.0	1.0	67.15662116445314	13.289164742608715
1360.0	3.0	18.44361185186995	22.50191647366605
1361.0	3.0	18.44361185186995	17.79635635114935
1362.0	3.0	18.44361185186995	17.651712289158816
1363.0	3.0	18.44361185186995	13.523851405350907
1364.0	1.0	74.66612855122247	15.52516908685481
1365.0	2.0	18.674545088038823	13.289164742608715
1366.0	1.0	68.8109938631821	19.539896171327126
1367.0	2.0	18.674545088038823	13.289164742608715
1368.0	2.0	18.674545088038823	13.289164742608715
1369.0	4.0	49.09575564362135	13.289164742608715
1370.0	1.0	49.42556949380793	13.289164742608715
1371.0	2.0	18.674545088038823	13.289164742608715
1372.0	1.0	53.798355579719356	13.289164742608715
1373.0	2.0	18.674545088038823	13.289164742608715
1374.0	1.0	54.98472684102556	13.289164742608715
1375.0	3.0	18.44361185186995	19.50286251699891
1376.0	2.0	18.674545088038823	13.289164742608715
1377.0	2.0	18.674545088038823	13.289164742608715
1378.0	2.0	18.674545088038823	13.289164742608715
1379.0	1.0	49.42556949380793	13.289164742608715
1380.0	4.0	49.09575564362135	13.289164742608715
1381.0	3.0	18.44361185186995	24.498825684778737
1382.0	2.0	18.674545088038823	13.289164742608715
1383.0	4.0	49.09575564362135	13.289164742608715
1384.0	3.0	18.44361185186995	17.94807936625095
1385.0	3.0	18.44361185186995	18.829832529762992
1386.0	1.0	69.83595437115427	13.289164742608715
1387.0	3.0	18.44361185186995	18.381776481290373
1388.0	2.0	18.674545088038823	13.289164742608715
1389.0	2.0	18.674545088038823	13.289164742608715
1390.0	1.0	49.42556949380793	13.289164742608715
1391.0	1.0	49.42556949380793	13.289164742608715
1392.0	3.0	18.44361185186995	23.431067893728542
1393.0	4.0	49.09575564362135	13.289164742608715
1394.0	4.0	49.09575564362135	13.289164742608715
1395.0	2.0	18.674545088038823	13.289164742608715
1396.0	2.0	18.674545088038823	13.289164742608715
1397.0	2.0	18.674545088038823	13.289164742608715
1398.0	2.0	18.674545088038823	13.289164742608715
1399.0	1.0	49.42556949380793	13.556115213408866
1400.0	4.0	49.09575564362135	13.289164742608715
1401.0	2.0	18.674545088038823	13.289164742608715
1402.0	1.0	49.42556949380793	13.289164742608715
1403.0	1.0	49.42556949380793	13.289164742608715
1404.0	1.0	49.42556949380793	13.289164742608715
1405.0	4.0	49.09575564362135	13.289164742608715
1406.0	3.0	18.44361185186995	17.6399345062913
1407.0	3.0	18.44361185186995	18.236693646423035
1408.0	1.0	62.96945690973243	13.289164742608715
1409.0	2.0	18.674545088038823	13.289164742608715
1410.0	4.0	49.09575564362135	13.289164742608715
1411.0	3.0	18.44361185186995	17.346431118725846
1412.0	2.0	18.674545088038823	13.289164742608715
1413.0	1.0	70.57606604995837	23.71191351090651
1414.0	2.0	18.674545088038823	13.289164742608715
1415.0	2.0	18.674545088038823	13.289164742608715
1416.0	2.0	18.674545088038823	13.289164742608715
1417.0	3.0	18.44361185186995	23.288858283552564
1418.0	1.0	53.30493273200703	13.289164742608715
1419.0	3.0	18.44361185186995	20.266255497018477
1420.0	1.0	64.77859060023492	13.289164742608715
1421.0	3.0	18.44361185186995	13.289164742608715
1422.0	2.0	18.674545088038823	13.289164742608715
1423.0	2.0	18.674545088038823	13.289164742608715
1424.0	4.0	49.09575564362135	13.289164742608715
1425.0	3.0	18.44361185186995	24.619775980754852
1426.0	3.0	18.44361185186995	25.690127575052934
1427.0	2.0	18.674545088038823	13.289164742608715
1428.0	2.0	18.674545088038823	13.289164742608715
1429.0	4.0	49.09575564362135	13.289164742608715
1430.0	1.0	49.42556949380793	13.289164742608715
1431.0	2.0	18.674545088038823	13.289164742608715
1432.0	1.0	49.42556949380793	13.289164742608715
1433.0	1.0	55.81797865154152	13.289164742608715
1434.0	2.0	18.674545088038823	13.289164742608715
1435.0	1.0	49.42556949380793	13.289164742608715
1436.0	1.0	49.42556949380793	13.289164742608715
1437.0	3.0	18.44361185186995	13.468934029783465
1438.0	4.0	49.09575564362135	13.289164742608715
1439.0	4.0	49.09575564362135	13.289164742608715
1440.0	2.0	18.674545088038823	13.289164742608715
1441.0	4.0	49.09575564362135	13.289164742608715
1442.0	2.0	18.674545088038823	13.289164742608715
1443.0	2.0	18.674545088038823	13.289164742608715
1444.0	1.0	49.42556949380793	13.289164742608715
1445.0	4.0	49.09575564362135	13.289164742608715
1446.0	2.0	18.674545088038823	13.289164742608715
1447.0	1.0	49.42556949380793	13.289164742608715
1448.0	1.0	49.42556949380793	13.289164742608715
1449.0	3.0	18.44361185186995	13.289164742608715
1450.0	4.0	49.09575564362135	13.289164742608715
1451.0	2.0	18.674545088038823	13.289164742608715
1452.0	2.0	18.674545088038823	13.289164742608715
1453.0	3.0	18.44361185186995	25.52541866641363
1454.0	1.0	54.85878386117365	13.33045966522297
1455.0	2.0	18.674545088038823	13.289164742608715
1456.0	3.0	18.44361185186995	19.644803135575224
1457.0	4.0	49.09575564362135	13.289164742608715
1458.0	2.0	18.674545088038823	13.289164742608715
1459.0	4.0	49.09575564362135	13.289164742608715
1460.0	3.0	18.44361185186995	24.53678873321757
1461.0	3.0	18.44361185186995	18.419127515518234
1462.0	3.0	18.44361185186995	16.329110797199313
1463.0	2.0	18.674545088038823	13.289164742608715
1464.0	1.0	49.42556949380793	13.289164742608715
1465.0	4.0	49.09575564362135	13.289164742608715
1466.0	4.0	49.09575564362135	13.289164742608715
1467.0	4.0	49.09575564362135	13.289164742608715
1468.0	3.0	18.44361185186995	19.565917318484654
1469.0	3.0	18.44361185186995	17.133637505820595
1470.0	1.0	51.16345449527394	13.289164742608715
1471.0	3.0	18.44361185186995	17.755572892940318
1472.0	4.0	49.09575564362135	13.289164742608715
1473.0	1.0	49.42556949380793	13.289164742608715
1474.0	4.0	49.09575564362135	13.289164742608715
1475.0	4.0	49.09575564362135	13.289164742608715
1476.0	3.0	18.44361185186995	13.289164742608715
1477.0	2.0	18.674545088038823	13.289164742608715
1478.0	4.0	54.207094000451654	13.289164742608715
1479.0	4.0	49.09575564362135	13.289164742608715
1480.0	4.0	49.09575564362135	13.289164742608715
1481.0	3.0	18.44361185186995	19.19836190603221
1482.0	3.0	18.44361185186995	18.939978375929527
1483.0	3.0	18.44361185186995	13.289164742608715
1484.0	1.0	49.42556949380793	13.289164742608715
1485.0	1.0	49.42556949380793	13.289164742608715
1486.0	1.0	49.42556949380793	13.289164742608715
1487.0	4.0	49.09575564362135	13.289164742608715
1488.0	4.0	49.09575564362135	13.289164742608715
1489.0	3.0	18.44361185186995	13.289164742608715
1490.0	2.0	18.674545088038823	13.289164742608715
1491.0	4.0	49.09575564362135	13.289164742608715
1492.0	1.0	68.05772867043869	25.11186770491539
1493.0	2.0	18.674545088038823	13.289164742608715
1494.0	2.0	18.674545088038823	13.289164742608715
1495.0	4.0	49.09575564362135	13.289164742608715
1496.0	1.0	52.853034387109744	13.40187780030938
1497.0	4.0	49.09575564362135	13.289164742608715
1498.0	3.0	18.44361185186995	25.90743232054717
1499.0	3.0	18.44361185186995	22.881177269851356
1500.0	2.0	18.674545088038823	13.289164742608715
1501.0	1.0	49.42556949380793	13.289164742608715
1502.0	4.0	49.09575564362135	13.289164742608715
1503.0	3.0	18.44361185186995	21.222528351994914
1504.0	4.0	49.09575564362135	13.289164742608715
1505.0	2.0	18.674545088038823	13.289164742608715
1506.0	2.0	18.674545088038823	13.289164742608715
1507.0	2.0	18.674545088038823	13.289164742608715
1508.0	2.0	18.674545088038823	13.289164742608715
1509.0	4.0	49.09575564362135	13.289164742608715
1510.0	4.0	49.09575564362135	13.289164742608715
1511.0	1.0	49.42556949380793	13.289164742608715
1512.0	2.0	18.674545088038823	13.289164742608715
1513.0	2.0	18.674545088038823	13.289164742608715
1514.0	2.0	18.674545088038823	13.289164742608715
1515.0	3.0	18.44361185186995	26.199300669197044
1516.0	3.0	18.44361185186995	19.476980711546844
1517.0	3.0	18.44361185186995	20.766989579053188
1518.0	1.0	49.42556949380793	13.289164742608715
1519.0	1.0	49.42556949380793	13.289164742608715
1520.0	4.0	49.09575564362135	13.289164742608715
1521.0	4.0	49.09575564362135	13.289164742608715
1522.0	3.0	18.44361185186995	13.289164742608715
1523.0	1.0	65.32015214154237	18.68423062742309
1524.0	2.0	18.674545088038823	13.289164742608715
1525.0	2.0	18.674545088038823	13.289164742608715
1526.0	4.0	49.09575564362135	13.289164742608715
1527.0	3.0	18.44361185186995	17.029409234280884
1528.0	4.0	50.734984891782055	13.289164742608715
1529.0	2.0	18.674545088038823	13.289164742608715
1530.0	2.0	18.674545088038823	13.289164742608715
1531.0	2.0	18.674545088038823	13.289164742608715
1532.0	1.0	53.2164360324053	13.289164742608715
1533.0	3.0	18.44361185186995	25.128101468227225
1534.0	3.0	18.44361185186995	20.07776983766071
1535.0	4.0	53.88911029495806	19.28262677132644
1536.0	3.0	18.44361185186995	24.184484354136
1537.0	4.0	49.09575564362135	13.289164742608715
1538.0	1.0	49.42556949380793	13.289164742608715
1539.0	4.0	49.09575564362135	13.289164742608715
1540.0	3.0	18.44361185186995	18.990951399071136
1541.0	1.0	63.87957741713227	13.289164742608715
1542.0	3.0	18.44361185186995	19.29793865595893
1543.0	2.0	18.674545088038823	13.289164742608715
1544.0	4.0	49.09575564362135	13.289164742608715
1545.0	3.0	18.44361185186995	20.751618861027517
1546.0	2.0	18.674545088038823	13.289164742608715
1547.0	4.0	49.09575564362135	13.289164742608715
1548.0	1.0	49.42556949380793	13.289164742608715
1549.0	3.0	18.44361185186995	13.289164742608715
1550.0	1.0	49.42556949380793	13.289164742608715
1551.0	3.0	18.44361185186995	13.289164742608715
1552.0	1.0	61.1467356578986	13.289164742608715
1553.0	1.0	52.40674340747468	13.289164742608715
1554.0	3.0	18.44361185186995	14.85810531272774
1555.0	3.0	18.44361185186995	13.306780317394267
1556.0	1.0	64.25880416474006	14.322055267300883
1557.0	2.0	18.674545088038823	13.289164742608715
1558.0	4.0	49.09575564362135	13.289164742608715
1559.0	1.0	49.42556949380793	18.4595535476494
1560.0	2.0	18.674545088038823	13.289164742608715
1561.0	2.0	18.674545088038823	13.289164742608715
1562.0	3.0	18.44361185186995	38.32790772106762
1563.0	2.0	18.674545088038823	13.289164742608715
1564.0	1.0	49.42556949380793	13.289164742608715
1565.0	4.0	49.09575564362135	13.289164742608715
1566.0	3.0	18.44361185186995	17.439410684000794
1567.0	3.0	18.44361185186995	13.289164742608715
1568.0	1.0	50.74246570600492	13.289164742608715
1569.0	3.0	18.44361185186995	13.492484052247658
1570.0	2.0	18.674545088038823	13.289164742608715
1571.0	3.0	18.44361185186995	25.67280143140613
1572.0	2.0	18.674545088038823	13.289164742608715
1573.0	2.0	18.674545088038823	13.289164742608715
1574.0	2.0	18.674545088038823	13.289164742608715
1575.0	1.0	49.42556949380793	13.289164742608715
1576.0	3.0	18.44361185186995	14.324395922691702
1577.0	1.0	49.42556949380793	13.289164742608715
1578.0	1.0	65.0719948113512	13.289164742608715
1579.0	3.0	18.44361185186995	13.289164742608715
1580.0	3.0	18.44361185186995	22.269250008984784
1581.0	2.0	18.674545088038823	13.289164742608715
1582.0	4.0	49.09575564362135	13.289164742608715
1583.0	3.0	18.44361185186995	19.601571802662825
1584.0	2.0	18.674545088038823	15.391836075317881
1585.0	2.0	18.674545088038823	13.289164742608715
1586.0	2.0	18.674545088038823	13.289164742608715
1587.0	1.0	56.50497089476818	13.289164742608715
1588.0	3.0	18.44361185186995	13.289164742608715
1589.0	1.0	52.95423948767776	14.26107796167561
1590.0	3.0	18.44361185186995	25.659674148230476
1591.0	1.0	49.42556949380793	13.289164742608715
1592.0	1.0	50.03787859855771	13.289164742608715
1593.0	3.0	18.44361185186995	17.712800766764474
1594.0	3.0	18.44361185186995	20.780618468205812
1595.0	4.0	49.09575564362135	21.705469434458948
1596.0	2.0	18.674545088038823	13.289164742608715
1597.0	4.0	49.09575564362135	13.289164742608715
1598.0	1.0	49.42556949380793	13.289164742608715
1599.0	4.0	49.09575564362135	15.012443150633917
1600.0	3.0	18.44361185186995	22.665898672874345
1601.0	1.0	72.76770762603145	13.289164742608715
1602.0	1.0	49.42556949380793	14.095433928826077
1603.0	2.0	18.674545088038823	13.289164742608715
1604.0	4.0	49.09575564362135	13.289164742608715
1605.0	2.0	18.674545088038823	13.289164742608715
1606.0	1.0	49.42556949380793	15.10168428834
1607.0	4.0	49.09575564362135	14.459942044301709
1608.0	3.0	18.44361185186995	18.516469910617918
1609.0	2.0	18.674545088038823	15.688511538734605
1610.0	3.0	18.44361185186995	20.778813644650967
1611.0	1.0	79.62995306015388	13.289164742608715
1612.0	3.0	18.44361185186995	23.57199383662006
1613.0	2.0	18.674545088038823	13.289164742608715
1614.0	1.0	49.42556949380793	13.289164742608715
1615.0	4.0	49.09575564362135	13.289164742608715
1616.0	3.0	18.44361185186995	16.87156869601322
1617.0	4.0	49.09575564362135	16.557824405930667
1618.0	4.0	49.09575564362135	13.289164742608715
1619.0	3.0	18.44361185186995	31.755746248554225
1620.0	3.0	18.44361185186995	23.301781133968788
1621.0	2.0	18.674545088038823	14.680463888272639
1622.0	1.0	49.42556949380793	13.289164742608715
1623.0	3.0	18.44361185186995	15.532359497138401
1624.0	4.0	49.09575564362135	13.289164742608715
1625.0	3.0	18.44361185186995	22.57230127873128
1626.0	3.0	18.44361185186995	21.16288861202146
1627.0	1.0	49.42556949380793	13.289164742608715
1628.0	1.0	49.42556949380793	13.289164742608715
1629.0	4.0	49.09575564362135	13.289164742608715
1630.0	2.0	18.674545088038823	13.289164742608715
1631.0	2.0	18.674545088038823	13.289164742608715
1632.0	2.0	18.674545088038823	13.289164742608715
1633.0	4.0	49.09575564362135	13.289164742608715
1634.0	2.0	18.674545088038823	13.289164742608715
1635.0	4.0	49.09575564362135	14.96171682699321
1636.0	3.0	18.44361185186995	17.06826882569955
1637.0	1.0	55.727661285292044	14.485593274791121
1638.0	2.0	18.674545088038823	13.289164742608715
1639.0	2.0	18.674545088038823	18.863322105760677
1640.0	3.0	18.44361185186995	33.16365845580432
1641.0	3.0	18.44361185186995	28.235211935102697
1642.0	2.0	18.674545088038823	13.289164742608715
1643.0	2.0	18.674545088038823	13.289164742608715
1644.0	2.0	18.674545088038823	13.289164742608715
1645.0	4.0	56.71744824296824	19.274979361452846
1646.0	2.0	18.674545088038823	13.289164742608715
1647.0	2.0	18.674545088038823	13.289164742608715
1648.0	4.0	65.33858250755416	13.289164742608715
1649.0	4.0	49.09575564362135	16.69834621985445
1650.0	4.0	49.09575564362135	13.289164742608715
1651.0	3.0	18.44361185186995	21.05460206010963
1652.0	2.0	18.674545088038823	13.289164742608715
1653.0	4.0	49.09575564362135	13.289164742608715
1654.0	3.0	18.44361185186995	23.2359728982067
1655.0	1.0	49.42556949380793	13.289164742608715
1656.0	1.0	49.42556949380793	13.289164742608715
1657.0	1.0	49.42556949380793	13.289164742608715
1658.0	4.0	49.09575564362135	13.289164742608715
1659.0	2.0	18.674545088038823	13.289164742608715
1660.0	2.0	18.674545088038823	13.289164742608715
1661.0	1.0	98.45519900072722	33.88570424097961
1662.0	2.0	18.674545088038823	13.289164742608715
1663.0	2.0	18.674545088038823	13.289164742608715
1664.0	1.0	57.482575053190644	13.289164742608715
1665.0	1.0	71.24499152371473	16.491678145666388
1666.0	3.0	18.560164612173015	15.818030842792506
1667.0	2.0	18.674545088038823	13.289164742608715
1668.0	2.0	18.674545088038823	13.289164742608715
1669.0	4.0	64.93531303092841	19.42820606311664
1670.0	4.0	49.09575564362135	17.565450760602232
1671.0	4.0	49.09575564362135	13.289164742608715
1672.0	3.0	18.44361185186995	21.84542125802217
1673.0	1.0	94.75689627366137	13.289164742608715
1674.0	1.0	56.53956214935221	13.289164742608715
1675.0	1.0	94.065885739529	21.057228898923753
1676.0	2.0	18.674545088038823	13.289164742608715
1677.0	1.0	49.42556949380793	13.289164742608715
1678.0	1.0	49.42556949380793	13.289164742608715
1679.0	4.0	49.09575564362135	13.289164742608715
1680.0	3.0	18.44361185186995	20.266591001877366
1681.0	4.0	74.71588965637636	17.130188144862533
1682.0	4.0	49.09575564362135	13.289164742608715
1683.0	2.0	18.674545088038823	17.196139214419
1684.0	2.0	18.674545088038823	13.289164742608715
1685.0	1.0	108.79442960622723	13.289164742608715
1686.0	3.0	18.44361185186995	14.536552272240861
1687.0	3.0	18.44361185186995	29.27057351488484
1688.0	1.0	104.36904979768507	13.289164742608715
1689.0	1.0	103.7318461849475	17.90369164149379
1690.0	4.0	49.09575564362135	16.50612298984916
1691.0	2.0	18.674545088038823	18.4550426973146
1692.0	2.0	18.674545088038823	13.289164742608715
1693.0	1.0	134.30692734142758	18.892217067370535
1694.0	3.0	18.44361185186995	25.122594490271297
1695.0	4.0	49.09575564362135	15.203026008494474
1696.0	1.0	103.86033391737355	16.811428705548614
1697.0	4.0	85.95081908798811	17.33406271847085
1698.0	2.0	18.674545088038823	13.289164742608715
1699.0	4.0	49.09575564362135	13.289164742608715
1700.0	2.0	18.674545088038823	13.289164742608715
1701.0	1.0	49.42556949380793	13.289164742608715
1702.0	3.0	18.44361185186995	15.421964254917114
1703.0	1.0	49.42556949380793	17.52164910082861
1704.0	2.0	18.674545088038823	13.289164742608715
