272.0	1.0	9.885113898761585	2.657832948521743
273.0	1.0	9.885113898761585	2.657832948521743
274.0	3.0	3.68872237037399	2.657832948521743
275.0	2.0	3.7349090176077646	2.657832948521743
276.0	2.0	3.7349090176077646	2.657832948521743
277.0	2.0	3.7349090176077646	2.657832948521743
278.0	4.0	9.81915112872427	2.657832948521743
279.0	4.0	9.81915112872427	2.657832948521743
280.0	2.0	3.7349090176077646	2.657832948521743
281.0	1.0	9.885113898761585	2.657832948521743
282.0	3.0	3.68872237037399	2.657832948521743
283.0	2.0	3.7349090176077646	2.657832948521743
284.0	3.0	3.68872237037399	2.657832948521743
285.0	3.0	3.68872237037399	2.657832948521743
286.0	2.0	3.7349090176077646	2.657832948521743
287.0	2.0	3.7349090176077646	2.657832948521743
288.0	1.0	9.885113898761585	2.657832948521743
289.0	3.0	3.68872237037399	2.657832948521743
290.0	4.0	9.81915112872427	2.657832948521743
291.0	1.0	9.885113898761585	2.657832948521743
292.0	3.0	3.68872237037399	2.657832948521743
293.0	2.0	3.7349090176077646	2.657832948521743
294.0	1.0	9.885113898761585	2.657832948521743
295.0	4.0	9.81915112872427	2.657832948521743
296.0	2.0	3.7349090176077646	2.657832948521743
297.0	4.0	9.81915112872427	31.74496852473872
298.0	3.0	3.68872237037399	2.657832948521743
299.0	1.0	9.885113898761585	2.657832948521743
300.0	2.0	3.7349090176077646	2.657832948521743
301.0	4.0	9.81915112872427	2.657832948521743
302.0	4.0	9.81915112872427	2.657832948521743
303.0	4.0	9.81915112872427	7.907930050073489
304.0	3.0	3.68872237037399	2.657832948521743
305.0	1.0	9.885113898761585	2.657832948521743
306.0	3.0	3.68872237037399	5.645069491134434
307.0	2.0	3.7349090176077646	2.657832948521743
308.0	2.0	3.7349090176077646	2.657832948521743
309.0	4.0	46.069656292010194	2.657832948521743
310.0	2.0	3.7349090176077646	4.075645682976635
311.0	1.0	17.742108903623233	8.526931404005513
312.0	3.0	3.7546918335160875	17.91695047934208
313.0	3.0	3.68872237037399	11.568634863527205
314.0	3.0	3.68872237037399	7.890155979878672
315.0	4.0	22.07416261354265	6.997295286170011
316.0	2.0	3.7349090176077646	2.657832948521743
317.0	4.0	23.083993277797234	2.657832948521743
318.0	3.0	3.68872237037399	6.690441085232719
319.0	1.0	13.099732779682478	3.0379024314798326
320.0	3.0	3.68872237037399	6.332119386568248
321.0	4.0	14.682412388684455	6.630527522065028
322.0	3.0	3.68872237037399	7.785394222454871
323.0	1.0	14.425377007031319	3.030809197667917
324.0	1.0	17.491751554109214	2.671613868937369
325.0	3.0	4.189125666574492	6.5948053565375995
326.0	2.0	3.7349090176077646	2.657832948521743
327.0	2.0	3.7349090176077646	2.657832948521743
328.0	3.0	3.765254537650356	8.127689187098994
329.0	2.0	3.7349090176077646	2.657832948521743
330.0	4.0	11.545100375385347	2.657832948521743
331.0	2.0	3.7349090176077646	2.657832948521743
332.0	3.0	3.68872237037399	9.132453187113782
333.0	4.0	10.759811170053972	2.657832948521743
334.0	4.0	17.438609087584425	2.657832948521743
335.0	3.0	3.68872237037399	5.49509050762968
336.0	3.0	3.68872237037399	6.270482532781412
337.0	1.0	9.885113898761585	3.6704174689840774
338.0	1.0	15.515241854103248	2.657832948521743
339.0	2.0	3.7349090176077646	2.657832948521743
340.0	4.0	11.07631056521322	2.657832948521743
341.0	2.0	3.7349090176077646	2.657832948521743
342.0	2.0	3.7349090176077646	3.8136555965450505
343.0	1.0	9.885113898761585	2.657832948521743
344.0	1.0	14.496697813370234	2.798438528919866
345.0	3.0	3.68872237037399	7.624108323465006
346.0	3.0	3.68872237037399	5.359973479775255
347.0	1.0	9.885113898761585	3.4431190525972553
348.0	1.0	11.609401031308014	2.657832948521743
349.0	1.0	12.196063288305002	2.657832948521743
350.0	1.0	10.836086214073505	6.54582444558557
351.0	2.0	3.7349090176077646	2.657832948521743
352.0	2.0	3.7349090176077646	2.657832948521743
353.0	4.0	9.81915112872427	2.657832948521743
354.0	4.0	11.096434707470564	2.657832948521743
355.0	2.0	3.7349090176077646	2.657832948521743
356.0	4.0	9.81915112872427	2.933249140656047
357.0	2.0	3.7349090176077646	2.657832948521743
358.0	3.0	3.68872237037399	6.293695000184405
359.0	2.0	3.7349090176077646	2.657832948521743
360.0	4.0	11.305424798883113	3.3794709698572256
361.0	3.0	3.68872237037399	6.9662998108755785
362.0	3.0	3.68872237037399	5.8799343657249485
363.0	1.0	9.885113898761585	2.657832948521743
364.0	2.0	3.7349090176077646	2.657832948521743
365.0	2.0	3.7349090176077646	2.657832948521743
366.0	2.0	3.7349090176077646	3.387196910948678
367.0	1.0	9.885113898761585	2.8035272243990774
368.0	3.0	3.68872237037399	5.385242359086221
369.0	4.0	9.81915112872427	4.6396429142772675
370.0	3.0	3.68872237037399	5.265387387497974
371.0	1.0	9.885113898761585	3.9999872910260676
372.0	1.0	9.885113898761585	2.8952148164131595
373.0	1.0	10.843934021708352	2.7933880538329743
374.0	1.0	9.885113898761585	3.4280488192417433
375.0	4.0	9.81915112872427	2.657832948521743
376.0	3.0	3.68872237037399	3.3217628516359534
377.0	1.0	11.203925051594027	4.441385880203269
378.0	2.0	3.7349090176077646	2.657832948521743
379.0	2.0	3.7349090176077646	2.657832948521743
380.0	2.0	3.7349090176077646	2.657832948521743
381.0	2.0	3.7349090176077646	2.657832948521743
382.0	1.0	9.885113898761585	2.657832948521743
383.0	1.0	9.885113898761585	2.657832948521743
384.0	2.0	3.7349090176077646	2.657832948521743
385.0	2.0	3.7349090176077646	2.657832948521743
386.0	4.0	17.678144811512798	2.657832948521743
387.0	4.0	11.889351318787632	2.657832948521743
388.0	4.0	16.26509208368747	2.657832948521743
389.0	4.0	9.81915112872427	2.657832948521743
390.0	2.0	3.7349090176077646	2.657832948521743
391.0	3.0	3.68872237037399	6.268248928429791
392.0	4.0	12.199411579415898	2.657832948521743
393.0	4.0	14.009203800960467	2.657832948521743
394.0	3.0	3.68872237037399	6.246817691482026
395.0	2.0	3.7349090176077646	2.657832948521743
396.0	1.0	9.885113898761585	2.9950496142572147
397.0	2.0	3.7349090176077646	2.657832948521743
398.0	4.0	10.034847613883606	2.7699108813532916
399.0	3.0	3.68872237037399	4.300641832735748
400.0	4.0	9.81915112872427	2.657832948521743
401.0	1.0	9.885113898761585	2.657832948521743
402.0	4.0	11.147937597543784	2.657832948521743
403.0	3.0	3.68872237037399	3.1195169337547846
404.0	1.0	10.479574955959839	2.657832948521743
405.0	4.0	11.062926408494791	2.657832948521743
406.0	4.0	9.81915112872427	2.657832948521743
407.0	4.0	9.81915112872427	2.657832948521743
408.0	4.0	9.81915112872427	2.657832948521743
409.0	3.0	3.68872237037399	2.657832948521743
410.0	4.0	11.828800023041474	2.657832948521743
411.0	3.0	3.68872237037399	4.120470147017016
412.0	3.0	3.68872237037399	5.666012045586867
413.0	2.0	3.7349090176077646	2.657832948521743
414.0	2.0	3.7349090176077646	2.657832948521743
415.0	1.0	9.885113898761585	2.657832948521743
416.0	3.0	3.68872237037399	2.951950678504904
417.0	4.0	10.721672866100226	4.0814431880462045
418.0	3.0	3.68872237037399	7.1148427280825155
419.0	3.0	3.68872237037399	4.666046164218439
420.0	1.0	9.885113898761585	4.066214701416148
421.0	3.0	3.68872237037399	2.7500632827452347
422.0	1.0	9.885113898761585	2.657832948521743
423.0	4.0	9.81915112872427	2.657832948521743
424.0	1.0	9.885113898761585	2.657832948521743
425.0	1.0	9.885113898761585	2.657832948521743
426.0	2.0	3.7349090176077646	2.657832948521743
427.0	1.0	10.573768211670044	2.6881727373182636
428.0	2.0	3.7349090176077646	2.657832948521743
429.0	4.0	9.81915112872427	2.657832948521743
430.0	2.0	3.7349090176077646	2.657832948521743
431.0	4.0	9.81915112872427	2.657832948521743
432.0	1.0	9.885113898761585	2.657832948521743
433.0	1.0	9.885113898761585	2.657832948521743
434.0	3.0	3.68872237037399	3.987586543687805
435.0	2.0	3.7349090176077646	2.657832948521743
436.0	1.0	9.885113898761585	2.657832948521743
437.0	4.0	9.81915112872427	2.657832948521743
438.0	1.0	9.885113898761585	2.657832948521743
439.0	1.0	9.885113898761585	2.657832948521743
440.0	2.0	3.7349090176077646	2.657832948521743
441.0	4.0	9.81915112872427	3.290965353022024
442.0	1.0	9.885113898761585	2.657832948521743
443.0	1.0	9.885113898761585	2.657832948521743
444.0	1.0	10.002668932298915	2.657832948521743
445.0	3.0	3.68872237037399	3.5795710056420713
446.0	3.0	3.68872237037399	3.4926071607669997
447.0	4.0	15.316176694352265	6.305689965985194
448.0	3.0	3.68872237037399	4.548193796456218
449.0	1.0	9.885113898761585	2.657832948521743
450.0	1.0	9.885113898761585	2.657832948521743
451.0	1.0	9.885113898761585	2.657832948521743
452.0	1.0	14.226765668970074	2.657832948521743
453.0	3.0	3.68872237037399	3.948683701946407
454.0	2.0	3.7349090176077646	2.657832948521743
455.0	4.0	9.81915112872427	2.657832948521743
456.0	2.0	3.7349090176077646	2.657832948521743
457.0	2.0	3.7349090176077646	2.657832948521743
458.0	3.0	3.68872237037399	5.846252834231157
459.0	3.0	3.68872237037399	5.635271937063249
460.0	3.0	3.68872237037399	4.12166127868669
461.0	4.0	15.353906709426914	6.379978789106938
462.0	2.0	3.7349090176077646	2.657832948521743
463.0	4.0	9.81915112872427	2.657832948521743
464.0	4.0	9.81915112872427	2.657832948521743
465.0	1.0	9.885113898761585	2.657832948521743
466.0	3.0	3.68872237037399	3.929213166661396
467.0	3.0	3.68872237037399	4.995452957127727
468.0	2.0	3.7349090176077646	2.657832948521743
469.0	4.0	9.81915112872427	2.657832948521743
470.0	1.0	9.885113898761585	2.745509987980175
471.0	4.0	9.81915112872427	2.657832948521743
472.0	1.0	9.885113898761585	2.657832948521743
473.0	1.0	9.885113898761585	2.657832948521743
474.0	4.0	9.81915112872427	2.657832948521743
475.0	2.0	3.7349090176077646	2.657832948521743
476.0	1.0	9.885113898761585	2.657832948521743
477.0	2.0	3.7349090176077646	2.657832948521743
478.0	1.0	9.885113898761585	2.657832948521743
479.0	1.0	9.885113898761585	2.657832948521743
480.0	4.0	9.81915112872427	2.657832948521743
481.0	3.0	3.68872237037399	3.3188057944381795
482.0	3.0	3.68872237037399	4.860124962666437
483.0	3.0	3.68872237037399	4.716941677176974
484.0	3.0	3.68872237037399	4.860245683978191
485.0	1.0	9.885113898761585	2.657832948521743
486.0	1.0	10.316937617073258	2.657832948521743
487.0	4.0	9.81915112872427	2.657832948521743
488.0	3.0	3.68872237037399	4.749437780319941
489.0	3.0	3.68872237037399	4.657921726974933
490.0	4.0	13.812999368532973	5.472402340913577
491.0	3.0	3.68872237037399	4.807878201959613
492.0	4.0	12.69616206795812	2.657832948521743
493.0	3.0	3.68872237037399	3.8550002357501993
494.0	1.0	9.885113898761585	2.657832948521743
495.0	1.0	9.885113898761585	2.657832948521743
496.0	3.0	3.68872237037399	3.6298761951095204
497.0	2.0	3.7349090176077646	2.657832948521743
498.0	2.0	3.7349090176077646	2.657832948521743
499.0	2.0	3.7349090176077646	2.657832948521743
500.0	1.0	9.885113898761585	2.657832948521743
501.0	1.0	9.885113898761585	2.657832948521743
502.0	1.0	9.885113898761585	2.9151482831984588
503.0	2.0	3.7349090176077646	2.657832948521743
504.0	2.0	3.7349090176077646	2.657832948521743
505.0	1.0	9.885113898761585	2.657832948521743
506.0	1.0	9.885113898761585	2.657832948521743
507.0	1.0	9.885113898761585	2.657832948521743
508.0	1.0	9.885113898761585	2.657832948521743
509.0	1.0	9.885113898761585	2.657832948521743
510.0	4.0	9.81915112872427	2.657832948521743
511.0	3.0	3.68872237037399	2.7495345331791343
512.0	3.0	3.68872237037399	4.579742213804735
513.0	2.0	3.7349090176077646	2.657832948521743
514.0	2.0	3.7349090176077646	2.657832948521743
515.0	1.0	9.885113898761585	2.657832948521743
516.0	1.0	9.885113898761585	2.657832948521743
517.0	3.0	3.68872237037399	3.905204352244316
518.0	3.0	3.68872237037399	4.846123979893125
519.0	2.0	3.7349090176077646	2.657832948521743
520.0	4.0	9.81915112872427	2.657832948521743
521.0	3.0	3.68872237037399	4.218880164309786
522.0	3.0	3.68872237037399	5.242490344766137
523.0	3.0	3.68872237037399	2.6812369000132934
524.0	4.0	14.042361028556492	3.769705596262756
525.0	2.0	3.7349090176077646	2.657832948521743
526.0	2.0	3.7349090176077646	2.657832948521743
527.0	2.0	3.7349090176077646	2.657832948521743
528.0	1.0	9.885113898761585	2.657832948521743
529.0	1.0	9.885113898761585	2.657832948521743
530.0	3.0	3.68872237037399	3.8422778962935773
531.0	2.0	3.7349090176077646	2.657832948521743
532.0	1.0	9.885113898761585	2.657832948521743
533.0	1.0	9.885113898761585	2.657832948521743
534.0	2.0	3.7349090176077646	2.657832948521743
535.0	4.0	9.81915112872427	3.0486942862178754
536.0	1.0	9.885113898761585	2.657832948521743
537.0	2.0	3.7349090176077646	2.657832948521743
538.0	1.0	9.885113898761585	2.657832948521743
539.0	4.0	9.81915112872427	2.657832948521743
540.0	2.0	3.7349090176077646	2.657832948521743
541.0	1.0	9.885113898761585	2.657832948521743
542.0	2.0	3.7349090176077646	2.657832948521743
543.0	3.0	3.68872237037399	6.588634599799192
544.0	2.0	3.7349090176077646	2.657832948521743
545.0	2.0	3.7349090176077646	2.657832948521743
546.0	1.0	9.885113898761585	2.657832948521743
547.0	3.0	3.68872237037399	3.9558618960811134
548.0	4.0	13.003047717620897	2.657832948521743
549.0	2.0	3.7349090176077646	2.657832948521743
550.0	1.0	9.885113898761585	2.657832948521743
551.0	1.0	9.885113898761585	3.1192499980172266
552.0	2.0	3.7349090176077646	2.657832948521743
553.0	1.0	9.885113898761585	2.657832948521743
554.0	3.0	3.68872237037399	2.657832948521743
555.0	4.0	11.706328293699377	2.693769491157275
556.0	2.0	3.7349090176077646	2.657832948521743
557.0	4.0	10.719809443188714	2.657832948521743
558.0	3.0	3.68872237037399	4.565768106973287
559.0	3.0	3.68872237037399	2.920294463463993
560.0	1.0	9.885113898761585	2.657832948521743
561.0	3.0	3.68872237037399	3.609673118080995
562.0	1.0	9.885113898761585	2.657832948521743
563.0	1.0	9.885113898761585	2.657832948521743
564.0	1.0	9.885113898761585	2.657832948521743
565.0	2.0	3.7349090176077646	2.657832948521743
566.0	1.0	9.885113898761585	2.657832948521743
567.0	2.0	3.7349090176077646	2.657832948521743
568.0	4.0	9.81915112872427	2.657832948521743
569.0	2.0	3.7349090176077646	2.657832948521743
570.0	2.0	3.803085672789277	2.657832948521743
571.0	4.0	9.81915112872427	2.657832948521743
572.0	3.0	3.68872237037399	5.048095475870073
573.0	3.0	3.68872237037399	5.102397879735142
574.0	4.0	9.81915112872427	3.3388287386180786
575.0	1.0	9.885113898761585	2.657832948521743
576.0	2.0	3.7349090176077646	2.657832948521743
577.0	2.0	3.7349090176077646	2.657832948521743
578.0	1.0	9.885113898761585	2.657832948521743
579.0	4.0	9.81915112872427	2.657832948521743
580.0	3.0	3.68872237037399	5.153013016383105
581.0	3.0	3.7420108615774788	5.951367023840417
582.0	3.0	3.68872237037399	4.948410394890496
583.0	2.0	3.7349090176077646	2.657832948521743
584.0	2.0	3.7349090176077646	2.657832948521743
585.0	4.0	11.673044369907183	2.657832948521743
586.0	3.0	3.68872237037399	3.759868590280028
587.0	4.0	10.591241781530169	2.657832948521743
588.0	3.0	3.68872237037399	4.140561176594609
589.0	4.0	12.29833656317369	2.657832948521743
590.0	2.0	3.7349090176077646	2.657832948521743
591.0	2.0	3.7349090176077646	2.657832948521743
592.0	2.0	3.7349090176077646	2.657832948521743
593.0	3.0	3.68872237037399	7.20434501330244
594.0	2.0	3.7349090176077646	2.657832948521743
595.0	1.0	9.885113898761585	2.657832948521743
596.0	1.0	9.885113898761585	2.657832948521743
597.0	4.0	9.81915112872427	2.657832948521743
598.0	3.0	3.68872237037399	4.2449459048939975
599.0	2.0	3.7349090176077646	2.657832948521743
600.0	2.0	3.7349090176077646	2.657832948521743
601.0	3.0	3.68872237037399	5.82867400011626
602.0	2.0	3.7349090176077646	2.657832948521743
603.0	4.0	11.251856624833492	6.176404144153309
604.0	3.0	3.68872237037399	3.621650048993831
605.0	1.0	9.885113898761585	2.657832948521743
606.0	3.0	3.68872237037399	4.064043897495054
607.0	4.0	9.81915112872427	2.657832948521743
608.0	1.0	9.885113898761585	2.657832948521743
609.0	4.0	12.290226601792794	2.657832948521743
610.0	2.0	3.7349090176077646	2.657832948521743
611.0	4.0	9.81915112872427	2.657832948521743
612.0	3.0	3.68872237037399	3.6707409164585663
613.0	2.0	3.7349090176077646	2.657832948521743
614.0	4.0	9.81915112872427	2.657832948521743
615.0	3.0	3.68872237037399	3.629371575008045
616.0	1.0	9.885113898761585	2.657832948521743
617.0	3.0	3.68872237037399	3.9791843103889253
618.0	2.0	3.7349090176077646	2.657832948521743
619.0	1.0	9.885113898761585	2.657832948521743
620.0	3.0	3.68872237037399	3.951144966245588
621.0	2.0	3.7349090176077646	2.657832948521743
622.0	3.0	3.68872237037399	4.790421844612287
623.0	3.0	3.68872237037399	3.8440486793414026
624.0	3.0	3.68872237037399	3.9389689169961306
625.0	1.0	9.885113898761585	2.657832948521743
626.0	4.0	9.81915112872427	2.657832948521743
627.0	2.0	3.7349090176077646	2.657832948521743
628.0	1.0	9.885113898761585	2.657832948521743
629.0	1.0	9.885113898761585	2.657832948521743
630.0	4.0	9.81915112872427	2.657832948521743
631.0	3.0	3.68872237037399	5.168250468662899
632.0	3.0	3.68872237037399	5.06147632015223
633.0	2.0	3.7349090176077646	2.657832948521743
634.0	1.0	9.885113898761585	2.657832948521743
635.0	3.0	3.68872237037399	5.152639172226236
636.0	2.0	3.7349090176077646	2.657832948521743
637.0	4.0	15.030143137575996	2.657832948521743
638.0	4.0	9.81915112872427	2.657832948521743
639.0	2.0	3.7349090176077646	2.657832948521743
640.0	4.0	9.81915112872427	2.657832948521743
641.0	4.0	10.209459636043016	2.657832948521743
642.0	3.0	3.68872237037399	3.7191761221593587
643.0	3.0	3.68872237037399	5.157744504010838
644.0	4.0	13.392763315722942	3.581515627979845
645.0	3.0	3.68872237037399	4.556149051606252
646.0	2.0	3.7349090176077646	2.657832948521743
647.0	3.0	3.68872237037399	5.079728724640287
648.0	4.0	9.845972963544238	2.657832948521743
649.0	3.0	3.68872237037399	4.132481474024054
650.0	1.0	9.885113898761585	2.657832948521743
651.0	3.0	3.68872237037399	3.6683539790992286
652.0	1.0	10.551293001634011	2.657832948521743
653.0	3.0	3.68872237037399	2.6860310746464653
654.0	4.0	9.81915112872427	2.657832948521743
655.0	3.0	3.68872237037399	4.1649130897870545
656.0	1.0	10.782704029982787	3.8931821390963224
657.0	3.0	3.68872237037399	2.657832948521743
658.0	1.0	11.7516380055	2.657832948521743
659.0	3.0	3.68872237037399	2.657832948521743
660.0	2.0	3.7349090176077646	2.657832948521743
661.0	1.0	9.885113898761585	2.657832948521743
662.0	3.0	3.68872237037399	2.9098528257095886
663.0	4.0	9.81915112872427	2.657832948521743
664.0	2.0	3.7349090176077646	2.657832948521743
665.0	2.0	3.7349090176077646	2.657832948521743
666.0	4.0	9.81915112872427	2.722379520188973
667.0	3.0	3.68872237037399	4.140921930720355
668.0	3.0	3.68872237037399	6.119332973111382
669.0	2.0	3.7349090176077646	2.657832948521743
670.0	2.0	3.7349090176077646	2.657832948521743
671.0	1.0	9.885113898761585	2.657832948521743
672.0	3.0	3.68872237037399	3.6099668443760216
673.0	1.0	9.885113898761585	2.657832948521743
674.0	3.0	3.68872237037399	3.652933048151615
675.0	3.0	3.68872237037399	4.570716794823333
676.0	4.0	12.425979434775083	3.4952511200505927
677.0	2.0	3.7349090176077646	2.657832948521743
678.0	2.0	3.7349090176077646	2.657832948521743
679.0	1.0	9.885113898761585	2.657832948521743
680.0	4.0	9.81915112872427	2.657832948521743
681.0	2.0	3.7349090176077646	2.657832948521743
682.0	4.0	9.81915112872427	2.657832948521743
683.0	2.0	3.7349090176077646	2.657832948521743
684.0	3.0	3.68872237037399	5.03250657424011
685.0	2.0	3.7349090176077646	2.657832948521743
686.0	4.0	9.81915112872427	2.657832948521743
687.0	3.0	3.68872237037399	2.955914281427661
688.0	1.0	9.885113898761585	2.657832948521743
689.0	3.0	3.68872237037399	2.657832948521743
690.0	1.0	9.885113898761585	2.657832948521743
691.0	4.0	9.81915112872427	2.657832948521743
692.0	1.0	9.885113898761585	2.657832948521743
693.0	2.0	3.7349090176077646	2.657832948521743
694.0	3.0	3.68872237037399	3.642909773241407
695.0	1.0	9.885113898761585	2.6585845594229296
696.0	1.0	13.57871845280499	2.657832948521743
697.0	3.0	3.68872237037399	3.5209847312265685
698.0	3.0	3.68872237037399	3.440918105620201
699.0	3.0	3.68872237037399	4.838554807006467
700.0	1.0	11.257685317008521	2.657832948521743
701.0	3.0	3.68872237037399	3.8486242226069103
702.0	3.0	3.68872237037399	5.1168847882073
703.0	3.0	3.68872237037399	4.252033756230312
704.0	4.0	15.666012916876465	7.140516154940764
705.0	3.0	3.68872237037399	4.897410884870279
706.0	4.0	10.305871300743341	2.657832948521743
707.0	1.0	9.885113898761585	3.434280376908327
708.0	2.0	3.7349090176077646	2.657832948521743
709.0	2.0	3.7349090176077646	2.657832948521743
710.0	1.0	9.885113898761585	2.657832948521743
711.0	4.0	9.81915112872427	2.657832948521743
712.0	4.0	9.81915112872427	2.657832948521743
713.0	1.0	9.885113898761585	2.657832948521743
714.0	2.0	3.7349090176077646	2.657832948521743
715.0	1.0	9.885113898761585	2.657832948521743
716.0	3.0	3.68872237037399	3.8491616540786615
717.0	3.0	3.68872237037399	3.560883949721166
718.0	1.0	9.885113898761585	2.657832948521743
719.0	4.0	9.81915112872427	2.657832948521743
720.0	2.0	3.7349090176077646	2.657832948521743
721.0	1.0	9.885113898761585	2.657832948521743
722.0	1.0	9.885113898761585	2.657832948521743
723.0	2.0	3.7349090176077646	2.657832948521743
724.0	1.0	9.885113898761585	3.5072461521609535
725.0	2.0	3.7349090176077646	2.657832948521743
726.0	4.0	9.81915112872427	2.657832948521743
727.0	3.0	3.68872237037399	4.943038773012047
728.0	2.0	3.7349090176077646	2.657832948521743
729.0	4.0	13.456955386880997	2.657832948521743
730.0	4.0	10.951131639929718	2.657832948521743
731.0	2.0	3.7349090176077646	2.657832948521743
732.0	4.0	9.81915112872427	2.657832948521743
733.0	3.0	3.68872237037399	3.4485600696990923
734.0	1.0	9.885113898761585	2.657832948521743
735.0	4.0	9.81915112872427	2.657832948521743
736.0	3.0	3.68872237037399	3.640044905319975
737.0	3.0	3.68872237037399	9.090952668063096
738.0	2.0	3.7349090176077646	2.657832948521743
739.0	1.0	9.885113898761585	2.657832948521743
740.0	1.0	9.885113898761585	2.657832948521743
741.0	3.0	3.68872237037399	2.8653460918697804
742.0	2.0	3.7349090176077646	2.657832948521743
743.0	4.0	12.941219277695795	2.657832948521743
744.0	2.0	3.7349090176077646	2.657832948521743
745.0	4.0	9.81915112872427	2.657832948521743
746.0	1.0	9.885113898761585	2.657832948521743
747.0	2.0	3.7349090176077646	2.657832948521743
748.0	3.0	3.68872237037399	4.624645045210347
749.0	4.0	12.833458365934993	2.657832948521743
750.0	2.0	3.7349090176077646	2.657832948521743
751.0	4.0	10.769641246621415	2.657832948521743
752.0	2.0	3.7349090176077646	2.657832948521743
753.0	2.0	3.7349090176077646	2.657832948521743
754.0	4.0	10.48486452326471	2.657832948521743
755.0	2.0	3.7349090176077646	2.657832948521743
756.0	2.0	3.7349090176077646	2.657832948521743
757.0	3.0	3.68872237037399	3.6277538390888906
758.0	1.0	10.170341142170303	2.657832948521743
759.0	3.0	3.68872237037399	2.657832948521743
760.0	1.0	10.579000694315774	2.657832948521743
761.0	3.0	3.68872237037399	3.7860309186076933
762.0	2.0	3.7349090176077646	2.657832948521743
763.0	2.0	3.7349090176077646	2.657832948521743
764.0	3.0	3.68872237037399	5.714398073180832
765.0	2.0	3.7349090176077646	2.657832948521743
766.0	4.0	12.507847313159827	2.657832948521743
767.0	4.0	9.81915112872427	2.657832948521743
768.0	2.0	3.7349090176077646	2.657832948521743
769.0	1.0	10.004507325169579	2.657832948521743
770.0	1.0	9.885113898761585	2.657832948521743
771.0	2.0	3.7349090176077646	2.657832948521743
772.0	1.0	18.277802722085855	9.76549861232995
773.0	2.0	3.7349090176077646	2.657832948521743
774.0	2.0	3.7349090176077646	2.657832948521743
775.0	2.0	3.7349090176077646	2.657832948521743
776.0	4.0	9.81915112872427	2.657832948521743
777.0	3.0	3.68872237037399	3.790377520684912
778.0	3.0	3.68872237037399	5.357151398787507
779.0	2.0	3.7349090176077646	2.657832948521743
780.0	2.0	3.7349090176077646	2.657832948521743
781.0	3.0	3.68872237037399	4.716826871138772
782.0	1.0	9.885113898761585	3.527555774292787
783.0	3.0	3.68872237037399	3.768339852733265
784.0	4.0	9.81915112872427	2.657832948521743
785.0	4.0	9.81915112872427	2.657832948521743
786.0	3.0	3.68872237037399	3.803307058716927
787.0	3.0	3.68872237037399	3.776192731772094
788.0	4.0	13.650392479716842	2.657832948521743
789.0	4.0	9.81915112872427	2.657832948521743
790.0	2.0	3.7349090176077646	2.657832948521743
791.0	1.0	9.885113898761585	2.657832948521743
792.0	4.0	9.81915112872427	2.657832948521743
793.0	2.0	3.7349090176077646	2.657832948521743
794.0	1.0	9.885113898761585	2.657832948521743
795.0	4.0	9.81915112872427	2.657832948521743
796.0	2.0	3.7349090176077646	2.657832948521743
797.0	1.0	9.885113898761585	2.657832948521743
798.0	4.0	9.81915112872427	2.657832948521743
799.0	4.0	9.81915112872427	2.657832948521743
800.0	2.0	3.7349090176077646	2.657832948521743
801.0	1.0	9.885113898761585	2.657832948521743
802.0	1.0	9.885113898761585	2.657832948521743
803.0	2.0	3.7349090176077646	2.657832948521743
804.0	3.0	3.68872237037399	4.476485308970317
805.0	3.0	3.68872237037399	5.3642302378413715
806.0	4.0	11.444160402801385	3.624663229054552
807.0	3.0	3.68872237037399	2.657832948521743
808.0	3.0	3.68872237037399	5.014534648024505
809.0	2.0	3.7349090176077646	2.657832948521743
810.0	2.0	3.7349090176077646	2.657832948521743
811.0	3.0	3.68872237037399	3.4649783107876084
812.0	1.0	9.885113898761585	2.657832948521743
813.0	2.0	3.7349090176077646	2.657832948521743
814.0	3.0	3.68872237037399	6.079324014236916
815.0	3.0	3.68872237037399	3.5360747759958056
816.0	3.0	3.68872237037399	6.324313459529573
817.0	2.0	3.7349090176077646	2.657832948521743
818.0	4.0	12.362411420910723	2.657832948521743
819.0	2.0	3.7349090176077646	2.657832948521743
820.0	1.0	9.885113898761585	2.657832948521743
821.0	4.0	9.81915112872427	2.657832948521743
822.0	2.0	3.7349090176077646	2.657832948521743
823.0	1.0	12.510212473773333	5.017125322256731
824.0	2.0	3.7349090176077646	2.657832948521743
825.0	2.0	3.7349090176077646	2.657832948521743
826.0	1.0	9.885113898761585	2.661291780564625
827.0	2.0	3.7349090176077646	2.657832948521743
828.0	3.0	3.68872237037399	4.523149638146639
829.0	2.0	3.7349090176077646	2.657832948521743
830.0	4.0	12.346689362015578	2.657832948521743
831.0	2.0	3.7349090176077646	2.657832948521743
832.0	2.0	3.7349090176077646	2.657832948521743
833.0	1.0	9.885113898761585	2.657832948521743
834.0	4.0	9.81915112872427	2.657832948521743
835.0	4.0	9.81915112872427	2.657832948521743
836.0	1.0	9.885113898761585	2.657832948521743
837.0	4.0	9.81915112872427	2.657832948521743
838.0	2.0	3.7349090176077646	2.657832948521743
839.0	2.0	3.7349090176077646	2.657832948521743
840.0	1.0	10.386858179857011	2.657832948521743
841.0	3.0	3.68872237037399	4.958541376948602
842.0	2.0	3.7349090176077646	2.657832948521743
843.0	2.0	3.7349090176077646	2.657832948521743
844.0	2.0	3.7349090176077646	2.657832948521743
845.0	2.0	3.7349090176077646	2.657832948521743
846.0	1.0	9.885113898761585	2.657832948521743
847.0	1.0	9.885113898761585	2.657832948521743
848.0	1.0	11.03515657982133	2.657832948521743
849.0	3.0	3.68872237037399	2.806759665255046
850.0	2.0	3.7349090176077646	2.657832948521743
851.0	3.0	3.68872237037399	4.926645141668468
852.0	2.0	3.7349090176077646	2.657832948521743
853.0	1.0	9.885113898761585	2.657832948521743
854.0	1.0	11.997043448096893	2.657832948521743
855.0	2.0	3.7349090176077646	2.657832948521743
856.0	1.0	9.885113898761585	2.657832948521743
857.0	1.0	9.885113898761585	2.657832948521743
858.0	3.0	3.68872237037399	4.147499323085718
859.0	2.0	3.7349090176077646	2.657832948521743
860.0	2.0	3.7349090176077646	2.657832948521743
861.0	2.0	3.7349090176077646	2.657832948521743
862.0	1.0	9.885113898761585	2.657832948521743
863.0	2.0	3.7349090176077646	2.657832948521743
864.0	4.0	9.81915112872427	2.657832948521743
865.0	3.0	3.68872237037399	5.502387744195475
866.0	4.0	13.265713461671881	2.7270563669751384
867.0	2.0	3.7349090176077646	2.657832948521743
868.0	4.0	9.81915112872427	2.657832948521743
869.0	1.0	9.885113898761585	2.657832948521743
870.0	4.0	9.81915112872427	3.8895234028500334
871.0	3.0	3.68872237037399	4.022987451666774
872.0	3.0	3.68872237037399	3.7374329560892705
873.0	4.0	15.221700721201191	5.423411018312098
874.0	3.0	3.68872237037399	3.7185974721729496
875.0	4.0	13.005330320999633	2.657832948521743
876.0	3.0	3.68872237037399	3.5349405381706496
877.0	4.0	12.433560912749918	2.657832948521743
878.0	2.0	3.7349090176077646	2.657832948521743
879.0	2.0	3.7349090176077646	2.657832948521743
880.0	2.0	3.7349090176077646	2.657832948521743
881.0	2.0	3.7349090176077646	2.657832948521743
882.0	2.0	3.7349090176077646	2.657832948521743
883.0	1.0	9.885113898761585	2.657832948521743
884.0	1.0	9.885113898761585	2.657832948521743
885.0	2.0	3.7349090176077646	2.657832948521743
886.0	4.0	9.81915112872427	2.657832948521743
887.0	1.0	9.885113898761585	2.657832948521743
888.0	2.0	3.7349090176077646	2.657832948521743
889.0	3.0	3.68872237037399	3.7242306821594604
890.0	1.0	11.098948244118068	2.657832948521743
891.0	2.0	3.7349090176077646	2.657832948521743
892.0	1.0	9.885113898761585	2.657832948521743
893.0	1.0	9.885113898761585	2.657832948521743
894.0	3.0	3.68872237037399	4.847251013524924
895.0	4.0	9.890036448086459	4.469458403967967
896.0	3.0	3.68872237037399	3.450849718671727
897.0	3.0	3.68872237037399	3.7294866318993254
898.0	3.0	3.68872237037399	3.7702359659125357
899.0	1.0	11.16331914150227	2.657832948521743
900.0	3.0	3.68872237037399	2.8185174028623696
901.0	1.0	10.663771145593863	2.953698479843478
902.0	4.0	9.81915112872427	2.657832948521743
903.0	3.0	3.68872237037399	3.7681658637743776
904.0	3.0	3.68872237037399	4.083605101090361
905.0	1.0	10.105006693118222	2.657832948521743
906.0	1.0	14.308129949495193	2.657832948521743
907.0	2.0	3.7349090176077646	2.657832948521743
908.0	3.0	3.68872237037399	6.112255029063202
909.0	2.0	3.7349090176077646	2.657832948521743
910.0	1.0	11.111284950940693	2.657832948521743
911.0	2.0	3.7349090176077646	2.657832948521743
912.0	3.0	3.68872237037399	6.2007263096558765
913.0	3.0	3.68872237037399	3.8600578467139086
914.0	1.0	9.885113898761585	2.657832948521743
915.0	2.0	3.7349090176077646	2.657832948521743
916.0	1.0	9.885113898761585	2.657832948521743
917.0	4.0	9.81915112872427	2.657832948521743
918.0	2.0	3.7349090176077646	2.657832948521743
919.0	1.0	13.782464803620366	5.1427232825894995
920.0	2.0	3.7349090176077646	2.657832948521743
921.0	2.0	3.7349090176077646	2.657832948521743
922.0	1.0	9.885113898761585	2.657832948521743
923.0	4.0	9.81915112872427	2.657832948521743
924.0	3.0	3.68872237037399	2.657832948521743
925.0	1.0	10.467061100841681	2.657832948521743
926.0	1.0	14.548350844002815	2.657832948521743
927.0	3.0	3.68872237037399	3.737385189528523
928.0	2.0	3.7349090176077646	2.657832948521743
929.0	1.0	9.885113898761585	2.657832948521743
930.0	2.0	3.7349090176077646	2.657832948521743
931.0	1.0	9.885113898761585	2.657832948521743
932.0	1.0	11.093539688406524	2.657832948521743
933.0	3.0	3.68872237037399	4.449417696449416
934.0	2.0	3.7349090176077646	2.657832948521743
935.0	4.0	9.81915112872427	2.657832948521743
936.0	3.0	3.68872237037399	3.64966648720663
937.0	3.0	3.68872237037399	3.9385131885523754
938.0	3.0	3.68872237037399	3.5661055684133087
939.0	2.0	3.7349090176077646	2.657832948521743
940.0	3.0	3.68872237037399	6.033172419988817
941.0	3.0	3.68872237037399	3.8116486353184085
942.0	3.0	3.68872237037399	4.882417946931267
943.0	3.0	3.68872237037399	4.176360182891866
944.0	3.0	3.68872237037399	5.844374906179417
945.0	2.0	3.7349090176077646	3.8238856543841395
946.0	2.0	3.7349090176077646	2.657832948521743
947.0	1.0	9.885113898761585	2.657832948521743
948.0	3.0	3.68872237037399	3.7216496558945047
949.0	4.0	9.81915112872427	3.5923290653002846
950.0	1.0	9.885113898761585	2.657832948521743
951.0	2.0	3.7349090176077646	2.657832948521743
952.0	3.0	3.68872237037399	5.963411711645415
953.0	3.0	3.68872237037399	3.9310393844460907
954.0	3.0	3.68872237037399	3.726439493810091
955.0	3.0	3.68872237037399	2.684221965374676
956.0	1.0	9.885113898761585	2.657832948521743
957.0	3.0	3.68872237037399	3.704688223369093
958.0	3.0	3.68872237037399	3.8440812939098454
959.0	4.0	13.102347311319132	6.675546620475332
960.0	3.0	3.68872237037399	3.8932376872880985
961.0	4.0	9.81915112872427	2.657832948521743
962.0	1.0	9.885113898761585	2.657832948521743
963.0	2.0	3.7349090176077646	2.657832948521743
964.0	3.0	3.68872237037399	4.907440135836582
965.0	1.0	9.885113898761585	2.657832948521743
966.0	3.0	3.68872237037399	5.8168803702782945
967.0	3.0	3.68872237037399	3.7701627019899275
968.0	3.0	3.68872237037399	4.985350701698508
969.0	2.0	3.7349090176077646	2.657832948521743
970.0	3.0	3.68872237037399	5.165833181901702
971.0	4.0	9.81915112872427	3.8270758781830736
972.0	3.0	3.68872237037399	3.925242507766204
973.0	4.0	9.81915112872427	3.5965764320196634
974.0	3.0	3.68872237037399	5.882412721999519
975.0	3.0	3.68872237037399	3.5560348869273284
976.0	1.0	9.885113898761585	2.657832948521743
977.0	1.0	15.625246827220392	2.657832948521743
978.0	3.0	3.68872237037399	4.144609154752386
979.0	1.0	9.885113898761585	2.657832948521743
980.0	1.0	9.885113898761585	2.657832948521743
981.0	1.0	10.551564735746915	2.657832948521743
982.0	4.0	9.81915112872427	2.657832948521743
983.0	1.0	9.885113898761585	2.657832948521743
984.0	2.0	3.7349090176077646	2.657832948521743
985.0	1.0	12.377340896842252	2.657832948521743
986.0	3.0	3.68872237037399	2.68340163646942
987.0	2.0	3.7349090176077646	2.657832948521743
988.0	2.0	3.7349090176077646	2.657832948521743
989.0	4.0	9.81915112872427	2.657832948521743
990.0	3.0	3.68872237037399	3.948538821053717
991.0	1.0	10.829236254869421	2.657832948521743
992.0	2.0	3.7349090176077646	2.657832948521743
993.0	3.0	3.68872237037399	6.170940059812861
994.0	3.0	3.68872237037399	3.270923376628654
995.0	4.0	11.178128323370451	7.369398413743768
996.0	3.0	3.68872237037399	3.5558945018780186
997.0	3.0	3.68872237037399	4.717143418847148
998.0	2.0	3.7349090176077646	2.657832948521743
999.0	2.0	3.7349090176077646	2.657832948521743
1000.0	3.0	3.68872237037399	6.155719783335672
1001.0	4.0	9.81915112872427	2.657832948521743
1002.0	3.0	3.68872237037399	3.6371687399687156
1003.0	1.0	9.885113898761585	2.657832948521743
1004.0	1.0	12.821882859619372	2.657832948521743
1005.0	3.0	3.68872237037399	4.089908765431899
1006.0	1.0	14.312967671256299	2.657832948521743
1007.0	2.0	3.7349090176077646	2.657832948521743
1008.0	2.0	3.7349090176077646	2.657832948521743
1009.0	4.0	9.81915112872427	2.657832948521743
1010.0	4.0	9.81915112872427	2.657832948521743
1011.0	3.0	3.68872237037399	4.533526861390152
1012.0	1.0	9.885113898761585	2.657832948521743
1013.0	1.0	11.787191826332284	2.657832948521743
1014.0	3.0	3.68872237037399	4.310483075045314
1015.0	3.0	3.68872237037399	2.657832948521743
1016.0	1.0	14.533397126575963	2.657832948521743
1017.0	3.0	3.68872237037399	4.068685717757714
1018.0	3.0	3.68872237037399	4.033512808590533
1019.0	1.0	11.555256110218632	2.657832948521743
1020.0	2.0	3.7349090176077646	2.657832948521743
1021.0	1.0	12.474443760674884	2.657832948521743
1022.0	2.0	3.7349090176077646	2.657832948521743
1023.0	2.0	3.7349090176077646	2.657832948521743
1024.0	1.0	9.885113898761585	2.657832948521743
1025.0	4.0	9.81915112872427	2.657832948521743
1026.0	3.0	3.68872237037399	4.864454755553439
1027.0	3.0	3.68872237037399	3.6016227635000364
1028.0	1.0	10.519690198646515	2.657832948521743
1029.0	3.0	3.68872237037399	4.711706076092452
1030.0	3.0	3.68872237037399	3.762592339258663
1031.0	4.0	15.056547721643554	4.856284274522101
1032.0	3.0	3.68872237037399	3.8144389952318933
1033.0	3.0	3.68872237037399	3.78120814549883
1034.0	1.0	9.885113898761585	2.657832948521743
1035.0	1.0	15.09424022236481	2.6857383190126107
1036.0	3.0	3.68872237037399	2.657832948521743
1037.0	1.0	9.885113898761585	2.657832948521743
1038.0	3.0	3.68872237037399	3.890051490220451
1039.0	4.0	9.81915112872427	2.657832948521743
1040.0	4.0	9.81915112872427	2.657832948521743
1041.0	2.0	3.7349090176077646	2.657832948521743
1042.0	4.0	10.19561702540303	2.657832948521743
1043.0	4.0	9.81915112872427	2.6727351968588255
1044.0	3.0	3.68872237037399	4.505645046759202
1045.0	1.0	9.885113898761585	2.657832948521743
1046.0	1.0	9.885113898761585	2.657832948521743
1047.0	1.0	15.520603682052233	2.657832948521743
1048.0	3.0	3.68872237037399	2.657832948521743
1049.0	1.0	10.050317389761938	2.657832948521743
1050.0	1.0	11.773495759473008	2.657832948521743
1051.0	3.0	3.68872237037399	2.657832948521743
1052.0	2.0	3.7349090176077646	2.657832948521743
1053.0	4.0	9.81915112872427	2.657832948521743
1054.0	3.0	3.68872237037399	4.866549599704575
1055.0	2.0	3.7349090176077646	2.657832948521743
1056.0	1.0	12.076196299361476	2.657832948521743
1057.0	3.0	3.68872237037399	4.97665135363893
1058.0	4.0	12.621879656829686	3.638109585005834
1059.0	2.0	3.7349090176077646	2.657832948521743
1060.0	1.0	10.943635671087222	2.657832948521743
1061.0	4.0	9.81915112872427	2.657832948521743
1062.0	3.0	3.68872237037399	2.657832948521743
1063.0	1.0	12.474806756035047	2.657832948521743
1064.0	1.0	9.885113898761585	2.657832948521743
1065.0	1.0	16.318567553138756	2.657832948521743
1066.0	3.0	3.68872237037399	3.912984862577071
1067.0	1.0	13.571532826957263	2.657832948521743
1068.0	3.0	3.68872237037399	2.657832948521743
1069.0	1.0	12.867549904270215	2.657832948521743
1070.0	4.0	9.81915112872427	3.352657782723689
1071.0	2.0	3.7349090176077646	2.657832948521743
1072.0	1.0	9.885113898761585	2.657832948521743
1073.0	1.0	9.885113898761585	2.657832948521743
1074.0	1.0	12.05297298948475	2.657832948521743
1075.0	2.0	3.7349090176077646	2.657832948521743
1076.0	1.0	14.520661531013403	9.196967353694587
1077.0	2.0	3.7349090176077646	2.657832948521743
1078.0	2.0	3.7349090176077646	2.657832948521743
1079.0	2.0	3.7349090176077646	2.657832948521743
1080.0	4.0	9.81915112872427	2.657832948521743
1081.0	1.0	9.885113898761585	2.657832948521743
1082.0	1.0	9.885113898761585	3.3013395206595546
1083.0	2.0	3.7349090176077646	2.657832948521743
1084.0	2.0	3.7349090176077646	2.657832948521743
1085.0	4.0	9.81915112872427	2.657832948521743
1086.0	3.0	3.68872237037399	5.238981811086657
1087.0	3.0	3.68872237037399	3.5337388593573182
1088.0	4.0	10.326590811813237	3.543014827724566
1089.0	3.0	3.68872237037399	4.11165314476797
1090.0	2.0	3.7349090176077646	2.657832948521743
1091.0	1.0	9.885113898761585	2.657832948521743
1092.0	3.0	3.68872237037399	4.997990465512074
1093.0	2.0	3.7349090176077646	2.657832948521743
1094.0	4.0	9.81915112872427	2.657832948521743
1095.0	2.0	3.7349090176077646	2.657832948521743
1096.0	2.0	3.7349090176077646	2.657832948521743
1097.0	4.0	9.81915112872427	2.657832948521743
1098.0	4.0	9.81915112872427	2.657832948521743
1099.0	3.0	3.68872237037399	3.666480127027459
1100.0	3.0	3.68872237037399	3.580960747484016
1101.0	3.0	3.68872237037399	3.4842205439386085
1102.0	3.0	3.68872237037399	3.33199094140158
1103.0	4.0	10.448239618116116	2.657832948521743
1104.0	2.0	3.7349090176077646	2.657832948521743
1105.0	4.0	9.81915112872427	2.657832948521743
1106.0	3.0	3.68872237037399	4.995449259392785
1107.0	2.0	3.7349090176077646	2.657832948521743
1108.0	1.0	9.885113898761585	5.106793786571063
1109.0	2.0	3.7349090176077646	2.657832948521743
1110.0	2.0	3.7349090176077646	2.71217004212506
1111.0	2.0	3.7349090176077646	2.657832948521743
1112.0	3.0	3.68872237037399	6.30910824283566
1113.0	3.0	3.68872237037399	4.9974437302119075
1114.0	3.0	3.68872237037399	3.8163959021451945
1115.0	1.0	11.107092041079024	2.657832948521743
1116.0	3.0	3.68872237037399	5.627092707247834
1117.0	2.0	3.7349090176077646	2.657832948521743
1118.0	2.0	3.7349090176077646	2.657832948521743
1119.0	2.0	3.7349090176077646	2.657832948521743
1120.0	2.0	3.7349090176077646	2.657832948521743
1121.0	2.0	3.7349090176077646	2.657832948521743
1122.0	3.0	3.68872237037399	3.808764896588253
1123.0	4.0	12.543190644693796	2.657832948521743
1124.0	4.0	9.81915112872427	2.657832948521743
1125.0	2.0	3.7349090176077646	2.657832948521743
1126.0	4.0	9.81915112872427	2.657832948521743
1127.0	1.0	9.885113898761585	2.657832948521743
1128.0	4.0	9.81915112872427	2.657832948521743
1129.0	1.0	9.885113898761585	2.657832948521743
1130.0	4.0	9.81915112872427	2.657832948521743
1131.0	2.0	3.7349090176077646	2.657832948521743
1132.0	1.0	9.885113898761585	2.657832948521743
1133.0	4.0	9.81915112872427	2.657832948521743
1134.0	2.0	3.7349090176077646	2.657832948521743
1135.0	1.0	9.885113898761585	2.657832948521743
1136.0	2.0	3.7349090176077646	2.657832948521743
1137.0	4.0	9.81915112872427	2.657832948521743
1138.0	3.0	3.68872237037399	2.7833337170915677
1139.0	1.0	9.885113898761585	2.657832948521743
1140.0	3.0	3.68872237037399	5.124384119640666
1141.0	4.0	12.233997762429679	3.1966822115326914
1142.0	4.0	9.81915112872427	2.657832948521743
1143.0	2.0	3.7349090176077646	2.657832948521743
1144.0	1.0	9.968844883552382	2.657832948521743
1145.0	4.0	9.81915112872427	2.6759394464491852
1146.0	3.0	3.68872237037399	3.56810539546122
1147.0	1.0	13.990065932761539	3.37804028461917
1148.0	2.0	3.7349090176077646	2.657832948521743
1149.0	2.0	3.7349090176077646	2.657832948521743
1150.0	4.0	9.81915112872427	2.657832948521743
1151.0	1.0	10.278056179982004	2.657832948521743
1152.0	2.0	3.7349090176077646	2.657832948521743
1153.0	3.0	3.68872237037399	5.507700557194306
1154.0	3.0	3.68872237037399	3.8539620008669027
1155.0	3.0	3.68872237037399	4.04833343176556
1156.0	1.0	9.885113898761585	2.657832948521743
1157.0	1.0	10.362671784399723	2.657832948521743
1158.0	2.0	3.7349090176077646	2.657832948521743
1159.0	2.0	3.7349090176077646	2.657832948521743
1160.0	4.0	9.81915112872427	2.657832948521743
1161.0	2.0	3.7349090176077646	2.657832948521743
1162.0	2.0	3.7349090176077646	2.657832948521743
1163.0	4.0	9.81915112872427	2.657832948521743
1164.0	3.0	3.68872237037399	4.894567738060263
1165.0	3.0	3.68872237037399	3.7977825198561237
1166.0	1.0	9.885113898761585	2.657832948521743
1167.0	2.0	3.7349090176077646	2.657832948521743
1168.0	4.0	9.81915112872427	2.657832948521743
1169.0	1.0	9.885113898761585	3.5352346341288645
1170.0	2.0	3.7349090176077646	2.657832948521743
1171.0	2.0	3.7349090176077646	2.657832948521743
1172.0	4.0	9.81915112872427	2.657832948521743
1173.0	3.0	3.68872237037399	3.5501927509134954
1174.0	1.0	11.673016311441707	2.657832948521743
1175.0	3.0	3.68872237037399	4.091598704369788
1176.0	3.0	3.68872237037399	3.5122031890871424
1177.0	3.0	3.68872237037399	4.962209140548893
1178.0	1.0	13.162809643957923	2.657832948521743
1179.0	3.0	3.68872237037399	3.5374640912793334
1180.0	4.0	9.81915112872427	2.657832948521743
1181.0	3.0	3.68872237037399	4.89018632948901
1182.0	2.0	3.7349090176077646	2.657832948521743
1183.0	1.0	9.885113898761585	2.657832948521743
1184.0	1.0	12.177791332494394	2.657832948521743
1185.0	2.0	3.7349090176077646	2.657832948521743
1186.0	2.0	3.7349090176077646	2.657832948521743
1187.0	3.0	3.68872237037399	3.9819507965796546
1188.0	3.0	3.68872237037399	4.87472100463884
1189.0	2.0	3.7349090176077646	2.657832948521743
1190.0	1.0	11.407284846670201	2.657832948521743
1191.0	3.0	3.68872237037399	2.657832948521743
1192.0	3.0	3.68872237037399	3.8369699138276308
1193.0	1.0	10.237303112301682	2.657832948521743
1194.0	3.0	3.68872237037399	2.657832948521743
1195.0	3.0	3.68872237037399	3.7339691954922647
1196.0	4.0	11.900995317984824	6.31036241415539
1197.0	3.0	3.68872237037399	3.8716933361911616
1198.0	1.0	11.70172565344007	2.657832948521743
1199.0	1.0	14.425143490749209	2.657832948521743
1200.0	2.0	3.7349090176077646	2.657832948521743
1201.0	3.0	3.68872237037399	4.701222949617726
1202.0	2.0	3.7349090176077646	2.657832948521743
1203.0	2.0	3.7349090176077646	2.657832948521743
1204.0	3.0	3.68872237037399	4.778367640225708
1205.0	4.0	9.81915112872427	2.657832948521743
1206.0	3.0	3.68872237037399	3.9819714625751006
1207.0	3.0	3.68872237037399	4.416121941538199
1208.0	4.0	9.81915112872427	5.119388359634336
1209.0	3.0	3.68872237037399	4.096491081284335
1210.0	2.0	3.7349090176077646	2.657832948521743
1211.0	4.0	10.516847603540226	2.657832948521743
1212.0	3.0	3.68872237037399	4.5077670069409566
1213.0	2.0	3.7349090176077646	2.657832948521743
1214.0	4.0	9.925088676549638	2.657832948521743
1215.0	3.0	3.68872237037399	3.9973706449583184
1216.0	4.0	9.81915112872427	2.657832948521743
1217.0	1.0	9.885113898761585	2.657832948521743
1218.0	2.0	3.7349090176077646	2.657832948521743
1219.0	1.0	9.986604071415766	2.657832948521743
1220.0	4.0	9.81915112872427	2.657832948521743
1221.0	3.0	3.68872237037399	4.699589134234403
1222.0	3.0	3.68872237037399	6.813796436833621
1223.0	2.0	3.7349090176077646	2.657832948521743
1224.0	2.0	3.7349090176077646	2.657832948521743
1225.0	1.0	9.885113898761585	3.660964247046806
1226.0	2.0	3.7349090176077646	2.657832948521743
1227.0	4.0	10.249211081945505	2.657832948521743
1228.0	2.0	3.7349090176077646	2.657832948521743
1229.0	1.0	9.885113898761585	2.657832948521743
1230.0	3.0	3.68872237037399	3.9515129037836396
1231.0	1.0	9.885113898761585	2.657832948521743
1232.0	4.0	9.81915112872427	2.657832948521743
1233.0	2.0	3.7349090176077646	2.657832948521743
1234.0	4.0	9.81915112872427	2.657832948521743
1235.0	2.0	3.7349090176077646	2.657832948521743
1236.0	3.0	3.68872237037399	6.211491159869532
1237.0	4.0	9.81915112872427	2.657832948521743
1238.0	2.0	3.7349090176077646	2.657832948521743
1239.0	1.0	10.36424157099476	2.657832948521743
1240.0	3.0	3.68872237037399	3.6605123974588905
1241.0	2.0	3.7349090176077646	2.657832948521743
1242.0	2.0	3.7349090176077646	2.657832948521743
1243.0	1.0	12.224647843066597	2.657832948521743
1244.0	4.0	9.81915112872427	2.657832948521743
1245.0	3.0	3.68872237037399	3.8983031567582405
1246.0	3.0	3.68872237037399	4.84607088491194
1247.0	1.0	12.882880625563795	2.657832948521743
1248.0	3.0	3.68872237037399	2.657832948521743
1249.0	4.0	9.81915112872427	2.657832948521743
1250.0	1.0	11.060801547497574	2.657832948521743
1251.0	2.0	3.7349090176077646	2.657832948521743
1252.0	2.0	3.7349090176077646	2.657832948521743
1253.0	4.0	9.81915112872427	2.657832948521743
1254.0	3.0	3.68872237037399	5.537326498979667
1255.0	3.0	3.68872237037399	3.459675030278716
1256.0	1.0	9.885113898761585	2.657832948521743
1257.0	3.0	3.68872237037399	2.657832948521743
1258.0	1.0	9.885113898761585	2.657832948521743
1259.0	1.0	9.885113898761585	2.657832948521743
1260.0	3.0	3.68872237037399	2.657832948521743
1261.0	1.0	9.885113898761585	2.657832948521743
1262.0	1.0	9.885113898761585	2.657832948521743
1263.0	1.0	9.885113898761585	2.657832948521743
1264.0	1.0	9.885113898761585	2.657832948521743
1265.0	1.0	10.428120541298584	2.657832948521743
1266.0	2.0	3.7349090176077646	2.657832948521743
1267.0	4.0	9.81915112872427	2.657832948521743
1268.0	4.0	9.81915112872427	2.657832948521743
1269.0	2.0	3.7349090176077646	2.657832948521743
1270.0	1.0	9.885113898761585	2.657832948521743
1271.0	4.0	9.81915112872427	2.657832948521743
1272.0	2.0	3.7349090176077646	2.657832948521743
1273.0	2.0	3.7349090176077646	2.657832948521743
1274.0	1.0	9.900737661524703	2.657832948521743
1275.0	2.0	3.7349090176077646	2.657832948521743
1276.0	1.0	9.885113898761585	2.657832948521743
1277.0	3.0	3.68872237037399	3.719111662330346
1278.0	1.0	13.619793009014813	2.657832948521743
1279.0	3.0	3.68872237037399	2.657832948521743
1280.0	1.0	9.885113898761585	2.657832948521743
1281.0	4.0	9.81915112872427	2.657832948521743
1282.0	2.0	3.7349090176077646	2.657832948521743
1283.0	4.0	9.81915112872427	2.657832948521743
1284.0	4.0	9.81915112872427	2.657832948521743
1285.0	3.0	3.68872237037399	3.8694172358107815
1286.0	2.0	3.7349090176077646	2.657832948521743
1287.0	4.0	9.81915112872427	2.657832948521743
1288.0	3.0	3.68872237037399	4.185796822183905
1289.0	2.0	3.7349090176077646	2.657832948521743
1290.0	2.0	3.7349090176077646	2.657832948521743
1291.0	2.0	3.7349090176077646	2.657832948521743
1292.0	3.0	3.68872237037399	5.5042256482339935
1293.0	1.0	9.885113898761585	2.657832948521743
1294.0	1.0	9.885113898761585	2.657832948521743
1295.0	1.0	11.211803265218183	2.657832948521743
1296.0	2.0	3.7349090176077646	2.657832948521743
1297.0	4.0	9.81915112872427	2.657832948521743
1298.0	3.0	3.68872237037399	2.6936990583481655
1299.0	2.0	3.7349090176077646	2.657832948521743
1300.0	2.0	3.7349090176077646	2.657832948521743
1301.0	4.0	9.81915112872427	2.693633412303399
1302.0	3.0	3.68872237037399	2.657832948521743
1303.0	3.0	3.68872237037399	3.5731801990528815
1304.0	4.0	9.81915112872427	3.3155497980403554
1305.0	1.0	10.450746696229626	2.657832948521743
1306.0	3.0	3.68872237037399	6.11785759648922
1307.0	3.0	3.68872237037399	5.249574945077939
1308.0	3.0	3.68872237037399	3.9004609032713597
1309.0	3.0	3.68872237037399	2.657832948521743
1310.0	1.0	11.915920480235117	2.657832948521743
1311.0	3.0	3.68872237037399	2.7709780338129506
1312.0	1.0	10.670700508394036	2.657832948521743
1313.0	1.0	10.82887662824452	2.657832948521743
1314.0	2.0	3.7349090176077646	2.657832948521743
1315.0	2.0	3.7349090176077646	2.657832948521743
1316.0	1.0	9.885113898761585	2.657832948521743
1317.0	2.0	3.7349090176077646	2.657832948521743
1318.0	4.0	9.81915112872427	2.657832948521743
1319.0	4.0	9.81915112872427	2.657832948521743
1320.0	3.0	3.68872237037399	2.657832948521743
1321.0	3.0	3.68872237037399	3.907837104813271
1322.0	4.0	9.81915112872427	5.201830194306917
1323.0	3.0	3.68872237037399	3.5995775650024115
1324.0	1.0	9.885113898761585	2.657832948521743
1325.0	1.0	12.40256358768112	2.657832948521743
1326.0	3.0	3.68872237037399	2.657832948521743
1327.0	3.0	3.68872237037399	4.395611186462622
1328.0	4.0	9.81915112872427	3.619911920662917
1329.0	1.0	9.885113898761585	2.657832948521743
1330.0	3.0	3.68872237037399	3.811228440979606
1331.0	2.0	3.7349090176077646	2.657832948521743
1332.0	4.0	9.81915112872427	2.657832948521743
1333.0	3.0	3.68872237037399	3.9815612059669925
1334.0	1.0	9.885113898761585	2.657832948521743
1335.0	4.0	9.81915112872427	2.657832948521743
1336.0	4.0	9.81915112872427	2.657832948521743
1337.0	4.0	9.81915112872427	2.657832948521743
1338.0	4.0	9.81915112872427	2.657832948521743
1339.0	3.0	3.68872237037399	3.6499421587380203
1340.0	3.0	3.68872237037399	4.770924788375069
1341.0	2.0	3.7349090176077646	2.657832948521743
1342.0	2.0	3.7349090176077646	2.657832948521743
1343.0	4.0	9.81915112872427	2.657832948521743
1344.0	3.0	3.68872237037399	3.3818650653656572
1345.0	1.0	11.372610554407643	2.657832948521743
1346.0	3.0	3.68872237037399	3.525492188234505
1347.0	2.0	3.7349090176077646	2.657832948521743
1348.0	1.0	9.885113898761585	2.657832948521743
1349.0	3.0	3.68872237037399	3.7122239063306672
1350.0	3.0	3.68872237037399	3.8206936418877246
1351.0	4.0	9.81915112872427	3.5409896503524427
1352.0	4.0	9.81915112872427	2.657832948521743
1353.0	3.0	3.68872237037399	3.7391243475800424
1354.0	1.0	12.489668733156218	2.657832948521743
1355.0	4.0	9.81915112872427	2.657832948521743
1356.0	3.0	3.68872237037399	3.793928661126219
1357.0	1.0	11.858880377420787	2.657832948521743
1358.0	2.0	3.7349090176077646	2.657832948521743
1359.0	1.0	13.431324232890628	2.657832948521743
1360.0	3.0	3.68872237037399	4.50038329473321
1361.0	3.0	3.68872237037399	3.55927127022987
1362.0	3.0	3.68872237037399	3.530342457831763
1363.0	3.0	3.68872237037399	2.7047702810701812
1364.0	1.0	14.933225710244495	3.1050338173709617
1365.0	2.0	3.7349090176077646	2.657832948521743
1366.0	1.0	13.76219877263642	3.907979234265425
1367.0	2.0	3.7349090176077646	2.657832948521743
1368.0	2.0	3.7349090176077646	2.657832948521743
1369.0	4.0	9.81915112872427	2.657832948521743
1370.0	1.0	9.885113898761585	2.657832948521743
1371.0	2.0	3.7349090176077646	2.657832948521743
1372.0	1.0	10.75967111594387	2.657832948521743
1373.0	2.0	3.7349090176077646	2.657832948521743
1374.0	1.0	10.996945368205113	2.657832948521743
1375.0	3.0	3.68872237037399	3.9005725033997822
1376.0	2.0	3.7349090176077646	2.657832948521743
1377.0	2.0	3.7349090176077646	2.657832948521743
1378.0	2.0	3.7349090176077646	2.657832948521743
1379.0	1.0	9.885113898761585	2.657832948521743
1380.0	4.0	9.81915112872427	2.657832948521743
1381.0	3.0	3.68872237037399	4.899765136955748
1382.0	2.0	3.7349090176077646	2.657832948521743
1383.0	4.0	9.81915112872427	2.657832948521743
1384.0	3.0	3.68872237037399	3.5896158732501906
1385.0	3.0	3.68872237037399	3.7659665059525986
1386.0	1.0	13.967190874230855	2.657832948521743
1387.0	3.0	3.68872237037399	3.676355296258075
1388.0	2.0	3.7349090176077646	2.657832948521743
1389.0	2.0	3.7349090176077646	2.657832948521743
1390.0	1.0	9.885113898761585	2.657832948521743
1391.0	1.0	9.885113898761585	2.657832948521743
1392.0	3.0	3.68872237037399	4.686213578745709
1393.0	4.0	9.81915112872427	2.657832948521743
1394.0	4.0	9.81915112872427	2.657832948521743
1395.0	2.0	3.7349090176077646	2.657832948521743
1396.0	2.0	3.7349090176077646	2.657832948521743
1397.0	2.0	3.7349090176077646	2.657832948521743
1398.0	2.0	3.7349090176077646	2.657832948521743
1399.0	1.0	9.885113898761585	2.711223042681773
1400.0	4.0	9.81915112872427	2.657832948521743
1401.0	2.0	3.7349090176077646	2.657832948521743
1402.0	1.0	9.885113898761585	2.657832948521743
1403.0	1.0	9.885113898761585	2.657832948521743
1404.0	1.0	9.885113898761585	2.657832948521743
1405.0	4.0	9.81915112872427	2.657832948521743
1406.0	3.0	3.68872237037399	3.5279869012582603
1407.0	3.0	3.68872237037399	3.6473387292846073
1408.0	1.0	12.593891381946486	2.657832948521743
1409.0	2.0	3.7349090176077646	2.657832948521743
1410.0	4.0	9.81915112872427	2.657832948521743
1411.0	3.0	3.68872237037399	3.469286223745169
1412.0	2.0	3.7349090176077646	2.657832948521743
1413.0	1.0	14.115213209991675	4.742382702181302
1414.0	2.0	3.7349090176077646	2.657832948521743
1415.0	2.0	3.7349090176077646	2.657832948521743
1416.0	2.0	3.7349090176077646	2.657832948521743
1417.0	3.0	3.68872237037399	4.657771656710513
1418.0	1.0	10.660986546401407	2.657832948521743
1419.0	3.0	3.68872237037399	4.053251099403695
1420.0	1.0	12.955718120046983	2.657832948521743
1421.0	3.0	3.68872237037399	2.657832948521743
1422.0	2.0	3.7349090176077646	2.657832948521743
1423.0	2.0	3.7349090176077646	2.657832948521743
1424.0	4.0	9.81915112872427	2.657832948521743
1425.0	3.0	3.68872237037399	4.92395519615097
1426.0	3.0	3.68872237037399	5.138025515010587
1427.0	2.0	3.7349090176077646	2.657832948521743
1428.0	2.0	3.7349090176077646	2.657832948521743
1429.0	4.0	9.81915112872427	2.657832948521743
1430.0	1.0	9.885113898761585	2.657832948521743
1431.0	2.0	3.7349090176077646	2.657832948521743
1432.0	1.0	9.885113898761585	2.657832948521743
1433.0	1.0	11.163595730308305	2.657832948521743
1434.0	2.0	3.7349090176077646	2.657832948521743
1435.0	1.0	9.885113898761585	2.657832948521743
1436.0	1.0	9.885113898761585	2.657832948521743
1437.0	3.0	3.68872237037399	2.693786805956693
1438.0	4.0	9.81915112872427	2.657832948521743
1439.0	4.0	9.81915112872427	2.657832948521743
1440.0	2.0	3.7349090176077646	2.657832948521743
1441.0	4.0	9.81915112872427	2.657832948521743
1442.0	2.0	3.7349090176077646	2.657832948521743
1443.0	2.0	3.7349090176077646	2.657832948521743
1444.0	1.0	9.885113898761585	2.657832948521743
1445.0	4.0	9.81915112872427	2.657832948521743
1446.0	2.0	3.7349090176077646	2.657832948521743
1447.0	1.0	9.885113898761585	2.657832948521743
1448.0	1.0	9.885113898761585	2.657832948521743
1449.0	3.0	3.68872237037399	2.657832948521743
1450.0	4.0	9.81915112872427	2.657832948521743
1451.0	2.0	3.7349090176077646	2.657832948521743
1452.0	2.0	3.7349090176077646	2.657832948521743
1453.0	3.0	3.68872237037399	5.105083733282726
1454.0	1.0	10.97175677223473	2.666091933044594
1455.0	2.0	3.7349090176077646	2.657832948521743
1456.0	3.0	3.68872237037399	3.9289606271150443
1457.0	4.0	9.81915112872427	2.657832948521743
1458.0	2.0	3.7349090176077646	2.657832948521743
1459.0	4.0	9.81915112872427	2.657832948521743
1460.0	3.0	3.68872237037399	4.907357746643514
1461.0	3.0	3.68872237037399	3.6838255031036464
1462.0	3.0	3.68872237037399	3.2658221594398626
1463.0	2.0	3.7349090176077646	2.657832948521743
1464.0	1.0	9.885113898761585	2.657832948521743
1465.0	4.0	9.81915112872427	2.657832948521743
1466.0	4.0	9.81915112872427	2.657832948521743
1467.0	4.0	9.81915112872427	2.657832948521743
1468.0	3.0	3.68872237037399	3.9131834636969307
1469.0	3.0	3.68872237037399	3.4267275011641187
1470.0	1.0	10.232690899054788	2.657832948521743
1471.0	3.0	3.68872237037399	3.5511145785880633
1472.0	4.0	9.81915112872427	2.657832948521743
1473.0	1.0	9.885113898761585	2.657832948521743
1474.0	4.0	9.81915112872427	2.657832948521743
1475.0	4.0	9.81915112872427	2.657832948521743
1476.0	3.0	3.68872237037399	2.657832948521743
1477.0	2.0	3.7349090176077646	2.657832948521743
1478.0	4.0	10.84141880009033	2.657832948521743
1479.0	4.0	9.81915112872427	2.657832948521743
1480.0	4.0	9.81915112872427	2.657832948521743
1481.0	3.0	3.68872237037399	3.839672381206442
1482.0	3.0	3.68872237037399	3.7879956751859054
1483.0	3.0	3.68872237037399	2.657832948521743
1484.0	1.0	9.885113898761585	2.657832948521743
1485.0	1.0	9.885113898761585	2.657832948521743
1486.0	1.0	9.885113898761585	2.657832948521743
1487.0	4.0	9.81915112872427	2.657832948521743
1488.0	4.0	9.81915112872427	2.657832948521743
1489.0	3.0	3.68872237037399	2.657832948521743
1490.0	2.0	3.7349090176077646	2.657832948521743
1491.0	4.0	9.81915112872427	2.657832948521743
1492.0	1.0	13.61154573408774	5.022373540983078
1493.0	2.0	3.7349090176077646	2.657832948521743
1494.0	2.0	3.7349090176077646	2.657832948521743
1495.0	4.0	9.81915112872427	2.657832948521743
1496.0	1.0	10.570606877421948	2.680375560061876
1497.0	4.0	9.81915112872427	2.657832948521743
1498.0	3.0	3.68872237037399	5.181486464109434
1499.0	3.0	3.68872237037399	4.576235453970272
1500.0	2.0	3.7349090176077646	2.657832948521743
1501.0	1.0	9.885113898761585	2.657832948521743
1502.0	4.0	9.81915112872427	2.657832948521743
1503.0	3.0	3.68872237037399	4.244505670398983
1504.0	4.0	9.81915112872427	2.657832948521743
1505.0	2.0	3.7349090176077646	2.657832948521743
1506.0	2.0	3.7349090176077646	2.657832948521743
1507.0	2.0	3.7349090176077646	2.657832948521743
1508.0	2.0	3.7349090176077646	2.657832948521743
1509.0	4.0	9.81915112872427	2.657832948521743
1510.0	4.0	9.81915112872427	2.657832948521743
1511.0	1.0	9.885113898761585	2.657832948521743
1512.0	2.0	3.7349090176077646	2.657832948521743
1513.0	2.0	3.7349090176077646	2.657832948521743
1514.0	2.0	3.7349090176077646	2.657832948521743
1515.0	3.0	3.68872237037399	5.239860133839409
1516.0	3.0	3.68872237037399	3.8953961423093686
1517.0	3.0	3.68872237037399	4.153397915810638
1518.0	1.0	9.885113898761585	2.657832948521743
1519.0	1.0	9.885113898761585	2.657832948521743
1520.0	4.0	9.81915112872427	2.657832948521743
1521.0	4.0	9.81915112872427	2.657832948521743
1522.0	3.0	3.68872237037399	2.657832948521743
1523.0	1.0	13.064030428308474	3.736846125484618
1524.0	2.0	3.7349090176077646	2.657832948521743
1525.0	2.0	3.7349090176077646	2.657832948521743
1526.0	4.0	9.81915112872427	2.657832948521743
1527.0	3.0	3.68872237037399	3.4058818468561767
1528.0	4.0	10.14699697835641	2.657832948521743
1529.0	2.0	3.7349090176077646	2.657832948521743
1530.0	2.0	3.7349090176077646	2.657832948521743
1531.0	2.0	3.7349090176077646	2.657832948521743
1532.0	1.0	10.643287206481059	2.657832948521743
1533.0	3.0	3.68872237037399	5.025620293645445
1534.0	3.0	3.68872237037399	4.015553967532142
1535.0	4.0	10.777822058991612	3.856525354265288
1536.0	3.0	3.68872237037399	4.8368968708272
1537.0	4.0	9.81915112872427	2.657832948521743
1538.0	1.0	9.885113898761585	2.657832948521743
1539.0	4.0	9.81915112872427	2.657832948521743
1540.0	3.0	3.68872237037399	3.798190279814227
1541.0	1.0	12.775915483426454	2.657832948521743
1542.0	3.0	3.68872237037399	3.859587731191786
1543.0	2.0	3.7349090176077646	2.657832948521743
1544.0	4.0	9.81915112872427	2.657832948521743
1545.0	3.0	3.68872237037399	4.150323772205503
1546.0	2.0	3.7349090176077646	2.657832948521743
1547.0	4.0	9.81915112872427	2.657832948521743
1548.0	1.0	9.885113898761585	2.657832948521743
1549.0	3.0	3.68872237037399	2.657832948521743
1550.0	1.0	9.885113898761585	2.657832948521743
1551.0	3.0	3.68872237037399	2.657832948521743
1552.0	1.0	12.22934713157972	2.657832948521743
1553.0	1.0	10.481348681494936	2.657832948521743
1554.0	3.0	3.68872237037399	2.971621062545548
1555.0	3.0	3.68872237037399	2.6613560634788533
1556.0	1.0	12.851760832948012	2.8644110534601763
1557.0	2.0	3.7349090176077646	2.657832948521743
1558.0	4.0	9.81915112872427	2.657832948521743
1559.0	1.0	9.885113898761585	3.69191070952988
1560.0	2.0	3.7349090176077646	2.657832948521743
1561.0	2.0	3.7349090176077646	2.657832948521743
1562.0	3.0	3.68872237037399	7.665581544213524
1563.0	2.0	3.7349090176077646	2.657832948521743
1564.0	1.0	9.885113898761585	2.657832948521743
1565.0	4.0	9.81915112872427	2.657832948521743
1566.0	3.0	3.68872237037399	3.4878821368001587
1567.0	3.0	3.68872237037399	2.657832948521743
1568.0	1.0	10.148493141200984	2.657832948521743
1569.0	3.0	3.68872237037399	2.6984968104495315
1570.0	2.0	3.7349090176077646	2.657832948521743
1571.0	3.0	3.68872237037399	5.134560286281226
1572.0	2.0	3.7349090176077646	2.657832948521743
1573.0	2.0	3.7349090176077646	2.657832948521743
1574.0	2.0	3.7349090176077646	2.657832948521743
1575.0	1.0	9.885113898761585	2.657832948521743
1576.0	3.0	3.68872237037399	2.8648791845383403
1577.0	1.0	9.885113898761585	2.657832948521743
1578.0	1.0	13.014398962270242	2.657832948521743
1579.0	3.0	3.68872237037399	2.657832948521743
1580.0	3.0	3.68872237037399	4.4538500017969564
1581.0	2.0	3.7349090176077646	2.657832948521743
1582.0	4.0	9.81915112872427	2.657832948521743
1583.0	3.0	3.68872237037399	3.920314360532565
1584.0	2.0	3.7349090176077646	3.0783672150635764
1585.0	2.0	3.7349090176077646	2.657832948521743
1586.0	2.0	3.7349090176077646	2.657832948521743
1587.0	1.0	11.300994178953635	2.657832948521743
1588.0	3.0	3.68872237037399	2.657832948521743
1589.0	1.0	10.590847897535552	2.852215592335122
1590.0	3.0	3.68872237037399	5.131934829646095
1591.0	1.0	9.885113898761585	2.657832948521743
1592.0	1.0	10.007575719711543	2.657832948521743
1593.0	3.0	3.68872237037399	3.5425601533528948
1594.0	3.0	3.68872237037399	4.156123693641162
1595.0	4.0	9.81915112872427	4.341093886891789
1596.0	2.0	3.7349090176077646	2.657832948521743
1597.0	4.0	9.81915112872427	2.657832948521743
1598.0	1.0	9.885113898761585	2.657832948521743
1599.0	4.0	9.81915112872427	3.0024886301267832
1600.0	3.0	3.68872237037399	4.533179734574869
1601.0	1.0	14.55354152520629	2.657832948521743
1602.0	1.0	9.885113898761585	2.8190867857652155
1603.0	2.0	3.7349090176077646	2.657832948521743
1604.0	4.0	9.81915112872427	2.657832948521743
1605.0	2.0	3.7349090176077646	2.657832948521743
1606.0	1.0	9.885113898761585	3.020336857668
1607.0	4.0	9.81915112872427	2.8919884088603416
1608.0	3.0	3.68872237037399	3.7032939821235833
1609.0	2.0	3.7349090176077646	3.1377023077469213
1610.0	3.0	3.68872237037399	4.155762728930194
1611.0	1.0	15.925990612030777	2.657832948521743
1612.0	3.0	3.68872237037399	4.7143987673240115
1613.0	2.0	3.7349090176077646	2.657832948521743
1614.0	1.0	9.885113898761585	2.657832948521743
1615.0	4.0	9.81915112872427	2.657832948521743
1616.0	3.0	3.68872237037399	3.3743137392026443
1617.0	4.0	9.81915112872427	3.3115648811861336
1618.0	4.0	9.81915112872427	2.657832948521743
1619.0	3.0	3.68872237037399	6.351149249710845
1620.0	3.0	3.68872237037399	4.660356226793757
1621.0	2.0	3.7349090176077646	2.936092777654528
1622.0	1.0	9.885113898761585	2.657832948521743
1623.0	3.0	3.68872237037399	3.1064718994276803
1624.0	4.0	9.81915112872427	2.657832948521743
1625.0	3.0	3.68872237037399	4.514460255746256
1626.0	3.0	3.68872237037399	4.232577722404292
1627.0	1.0	9.885113898761585	2.657832948521743
1628.0	1.0	9.885113898761585	2.657832948521743
1629.0	4.0	9.81915112872427	2.657832948521743
1630.0	2.0	3.7349090176077646	2.657832948521743
1631.0	2.0	3.7349090176077646	2.657832948521743
1632.0	2.0	3.7349090176077646	2.657832948521743
1633.0	4.0	9.81915112872427	2.657832948521743
1634.0	2.0	3.7349090176077646	2.657832948521743
1635.0	4.0	9.81915112872427	2.992343365398642
1636.0	3.0	3.68872237037399	3.41365376513991
1637.0	1.0	11.14553225705841	2.8971186549582244
1638.0	2.0	3.7349090176077646	2.657832948521743
1639.0	2.0	3.7349090176077646	3.7726644211521356
1640.0	3.0	3.68872237037399	6.632731691160863
1641.0	3.0	3.68872237037399	5.647042387020539
1642.0	2.0	3.7349090176077646	2.657832948521743
1643.0	2.0	3.7349090176077646	2.657832948521743
1644.0	2.0	3.7349090176077646	2.657832948521743
1645.0	4.0	11.343489648593648	3.8549958722905693
1646.0	2.0	3.7349090176077646	2.657832948521743
1647.0	2.0	3.7349090176077646	2.657832948521743
1648.0	4.0	13.067716501510834	2.657832948521743
1649.0	4.0	9.81915112872427	3.33966924397089
1650.0	4.0	9.81915112872427	2.657832948521743
1651.0	3.0	3.68872237037399	4.210920412021926
1652.0	2.0	3.7349090176077646	2.657832948521743
1653.0	4.0	9.81915112872427	2.657832948521743
1654.0	3.0	3.68872237037399	4.64719457964134
1655.0	1.0	9.885113898761585	2.657832948521743
1656.0	1.0	9.885113898761585	2.657832948521743
1657.0	1.0	9.885113898761585	2.657832948521743
1658.0	4.0	9.81915112872427	2.657832948521743
1659.0	2.0	3.7349090176077646	2.657832948521743
1660.0	2.0	3.7349090176077646	2.657832948521743
1661.0	1.0	19.691039800145443	6.777140848195921
1662.0	2.0	3.7349090176077646	2.657832948521743
1663.0	2.0	3.7349090176077646	2.657832948521743
1664.0	1.0	11.496515010638129	2.657832948521743
1665.0	1.0	14.248998304742946	3.2983356291332773
1666.0	3.0	3.7120329224346027	3.163606168558501
1667.0	2.0	3.7349090176077646	2.657832948521743
1668.0	2.0	3.7349090176077646	2.657832948521743
1669.0	4.0	12.987062606185683	3.885641212623328
1670.0	4.0	9.81915112872427	3.5130901521204465
1671.0	4.0	9.81915112872427	2.657832948521743
1672.0	3.0	3.68872237037399	4.369084251604434
1673.0	1.0	18.951379254732274	2.657832948521743
1674.0	1.0	11.307912429870441	2.657832948521743
1675.0	1.0	18.813177147905797	4.211445779784751
1676.0	2.0	3.7349090176077646	2.657832948521743
1677.0	1.0	9.885113898761585	2.657832948521743
1678.0	1.0	9.885113898761585	2.657832948521743
1679.0	4.0	9.81915112872427	2.657832948521743
1680.0	3.0	3.68872237037399	4.0533182003754735
1681.0	4.0	14.943177931275272	3.4260376289725065
1682.0	4.0	9.81915112872427	2.657832948521743
1683.0	2.0	3.7349090176077646	3.4392278428837995
1684.0	2.0	3.7349090176077646	2.657832948521743
1685.0	1.0	21.758885921245444	2.657832948521743
1686.0	3.0	3.68872237037399	2.9073104544481723
1687.0	3.0	3.68872237037399	5.854114702976968
1688.0	1.0	20.873809959537013	2.657832948521743
1689.0	1.0	20.7463692369895	3.5807383282987577
1690.0	4.0	9.81915112872427	3.301224597969832
1691.0	2.0	3.7349090176077646	3.69100853946292
1692.0	2.0	3.7349090176077646	2.657832948521743
1693.0	1.0	26.86138546828552	3.778443413474107
1694.0	3.0	3.68872237037399	5.024518898054259
1695.0	4.0	9.81915112872427	3.0406052016988947
1696.0	1.0	20.77206678347471	3.362285741109723
1697.0	4.0	17.19016381759762	3.46681254369417
1698.0	2.0	3.7349090176077646	2.657832948521743
1699.0	4.0	9.81915112872427	2.657832948521743
1700.0	2.0	3.7349090176077646	2.657832948521743
1701.0	1.0	9.885113898761585	2.657832948521743
1702.0	3.0	3.68872237037399	3.0843928509834226
1703.0	1.0	9.885113898761585	3.5043298201657223
1704.0	2.0	3.7349090176077646	2.657832948521743
